time,TOTANGSTR,TOTEXTTAU,TOTSCATAU
2025-01-01 00:30:00,1.2619597,0.03592006,0.031859074
2025-01-01 01:30:00,1.2363602,0.03689553,0.032807007
2025-01-01 02:30:00,1.2164149,0.034850433,0.030919109
2025-01-01 03:30:00,1.1897625,0.034293897,0.030486643
2025-01-01 04:30:00,1.1746317,0.03457287,0.030830182
2025-01-01 05:30:00,1.1695395,0.033376087,0.029694675
2025-01-01 06:30:00,1.1720028,0.032860313,0.02929289
2025-01-01 07:30:00,1.1774714,0.034033585,0.03052293
2025-01-01 08:30:00,1.2043794,0.03327379,0.029767971
2025-01-01 09:30:00,1.2097414,0.031003978,0.02755366
2025-01-01 10:30:00,1.2188597,0.02812252,0.024788525
2025-01-01 11:30:00,1.2265636,0.031318195,0.02798431
2025-01-01 12:30:00,1.2480314,0.030563608,0.027230497
2025-01-01 13:30:00,1.253141,0.029102184,0.025731983
2025-01-01 14:30:00,1.2491373,0.029113946,0.025660582
2025-01-01 15:30:00,1.2556576,0.030421037,0.026940197
2025-01-01 16:30:00,1.2678695,0.03194468,0.028438412
2025-01-01 17:30:00,1.2901527,0.032030996,0.028481595
2025-01-01 18:30:00,1.2941811,0.03193518,0.028356818
2025-01-01 19:30:00,1.3121456,0.031427696,0.027892465
2025-01-01 20:30:00,1.3136767,0.031870835,0.028335845
2025-01-01 21:30:00,1.2011565,0.03343235,0.0300238
2025-01-01 22:30:00,1.1998293,0.036791496,0.03325474
2025-01-01 23:30:00,1.1914668,0.04085441,0.037113022
2025-01-02 00:30:00,1.1834116,0.044002682,0.04002785
2025-01-02 01:30:00,1.1626585,0.0424071,0.038331788
2025-01-02 02:30:00,1.1383764,0.038213532,0.034279067
2025-01-02 03:30:00,1.1278174,0.034148917,0.030455092
2025-01-02 04:30:00,1.122126,0.028782569,0.025314404
2025-01-02 05:30:00,1.1312362,0.028030856,0.024641737
2025-01-02 06:30:00,1.1444951,0.030015027,0.026656264
2025-01-02 07:30:00,1.1542804,0.0304311,0.027073089
2025-01-02 08:30:00,1.1671424,0.03175528,0.028338827
2025-01-02 09:30:00,1.1767728,0.031911444,0.028425688
2025-01-02 10:30:00,1.1899601,0.031760123,0.028189866
2025-01-02 11:30:00,1.2069074,0.031892464,0.028269222
2025-01-02 12:30:00,1.2315814,0.03091131,0.027280312
2025-01-02 13:30:00,1.2561773,0.028977897,0.025389157
2025-01-02 14:30:00,1.2756503,0.02766136,0.024137463
2025-01-02 15:30:00,1.2943016,0.026610967,0.02318418
2025-01-02 16:30:00,1.3126526,0.02559185,0.022251006
2025-01-02 17:30:00,1.3296075,0.024620116,0.02137268
2025-01-02 18:30:00,1.347039,0.023227813,0.02008317
2025-01-02 19:30:00,1.3540772,0.022691838,0.01959762
2025-01-02 20:30:00,1.3550014,0.022407131,0.019329373
2025-01-02 21:30:00,1.3453097,0.021722324,0.018619733
2025-01-02 22:30:00,1.3245311,0.02215467,0.018948697
2025-01-02 23:30:00,1.2980374,0.024473311,0.021093896
2025-01-03 00:30:00,1.2675378,0.028737938,0.025209773
2025-01-03 01:30:00,1.240357,0.029474128,0.025827255
2025-01-03 02:30:00,1.2231643,0.03001267,0.026279092
2025-01-03 03:30:00,1.2049353,0.035198804,0.03133615
2025-01-03 04:30:00,1.1898559,0.040361013,0.03636328
2025-01-03 05:30:00,1.1830182,0.04276644,0.038649928
2025-01-03 06:30:00,1.1829716,0.0446681,0.040464282
2025-01-03 07:30:00,1.1914505,0.04737573,0.04306028
2025-01-03 08:30:00,1.2123958,0.04927746,0.044839684
2025-01-03 09:30:00,1.2308542,0.051890522,0.047257714
2025-01-03 10:30:00,1.2608188,0.051655322,0.04683142
2025-01-03 11:30:00,1.2731569,0.0557776,0.05074113
2025-01-03 12:30:00,1.2888311,0.055541236,0.050434545
2025-01-03 13:30:00,1.3039536,0.052338056,0.047337964
2025-01-03 14:30:00,1.3085527,0.0520325,0.047116138
2025-01-03 15:30:00,1.3243396,0.050650503,0.045754075
2025-01-03 16:30:00,1.3496344,0.048098814,0.043260157
2025-01-03 17:30:00,1.372953,0.045940828,0.04122872
2025-01-03 18:30:00,1.3708984,0.04644247,0.042135578
2025-01-03 19:30:00,1.3746803,0.04633942,0.04230763
2025-01-03 20:30:00,1.388758,0.04456988,0.040756207
2025-01-03 21:30:00,1.3837337,0.046368025,0.04255475
2025-01-03 22:30:00,1.3869779,0.04688617,0.04311406
2025-01-03 23:30:00,1.4157212,0.041742504,0.038051404
2025-01-04 00:30:00,1.4586455,0.03453991,0.030993134
2025-01-04 01:30:00,1.4593518,0.032700334,0.02929689
2025-01-04 02:30:00,1.4607092,0.030707875,0.027464345
2025-01-04 03:30:00,1.445542,0.028696042,0.025623407
2025-01-04 04:30:00,1.388326,0.0298714,0.026830317
2025-01-04 05:30:00,1.3253672,0.033125814,0.03000134
2025-01-04 06:30:00,1.3001482,0.035442922,0.032360636
2025-01-04 07:30:00,1.3031814,0.034904845,0.03209439
2025-01-04 08:30:00,1.3743477,0.030792866,0.028036237
2025-01-04 09:30:00,1.4504149,0.031337056,0.028425878
2025-01-04 10:30:00,1.4862033,0.034538426,0.031462528
2025-01-04 11:30:00,1.5006833,0.037149396,0.033888366
2025-01-04 12:30:00,1.4995328,0.037155755,0.033934675
2025-01-04 13:30:00,1.4504831,0.037118487,0.034151062
2025-01-04 14:30:00,1.3740597,0.040320333,0.037481878
2025-01-04 15:30:00,1.3407209,0.04463181,0.041888002
2025-01-04 16:30:00,1.4276102,0.039278876,0.036557354
2025-01-04 17:30:00,1.5111051,0.027581992,0.025035243
2025-01-04 18:30:00,1.4224919,0.023671487,0.021370433
2025-01-04 19:30:00,1.4348844,0.022342348,0.020056112
2025-01-04 20:30:00,1.4387791,0.022971928,0.020579929
2025-01-04 21:30:00,1.4508193,0.023286866,0.02088253
2025-01-04 22:30:00,1.4337673,0.024967177,0.022471149
2025-01-04 23:30:00,1.413138,0.025193458,0.022641346
2025-01-05 00:30:00,1.3620878,0.027218968,0.024514856
2025-01-05 01:30:00,1.3028557,0.030960646,0.028031252
2025-01-05 02:30:00,1.2376362,0.032268185,0.029273462
2025-01-05 03:30:00,1.2111348,0.030204281,0.027345173
2025-01-05 04:30:00,1.2150106,0.0288069,0.026205145
2025-01-05 05:30:00,1.2424239,0.024806399,0.022479856
2025-01-05 06:30:00,1.2673825,0.021624738,0.019562287
2025-01-05 07:30:00,1.2721411,0.021093845,0.019219419
2025-01-05 08:30:00,1.2954469,0.019560266,0.017795816
2025-01-05 09:30:00,1.311913,0.018973311,0.017263027
2025-01-05 10:30:00,1.3469955,0.017460551,0.01578062
2025-01-05 11:30:00,1.3763297,0.01681915,0.015137211
2025-01-05 12:30:00,1.364736,0.019412892,0.01768784
2025-01-05 13:30:00,1.3658432,0.021439174,0.019663021
2025-01-05 14:30:00,1.3698419,0.023230322,0.021396762
2025-01-05 15:30:00,1.3808514,0.024419155,0.022522995
2025-01-05 16:30:00,1.3942322,0.025406552,0.023460945
2025-01-05 17:30:00,1.4210597,0.025033964,0.02306313
2025-01-05 18:30:00,1.4059284,0.025219835,0.02316691
2025-01-05 19:30:00,1.4408733,0.024067927,0.022003809
2025-01-05 20:30:00,1.4355887,0.024981722,0.02288415
2025-01-05 21:30:00,1.391281,0.028686693,0.026342986
2025-01-05 22:30:00,1.3507252,0.030729052,0.028382022
2025-01-05 23:30:00,1.3289621,0.031654473,0.0291859
2025-01-06 00:30:00,1.3120102,0.033297036,0.03054764
2025-01-06 01:30:00,1.3007002,0.035598528,0.032497026
2025-01-06 02:30:00,1.2898422,0.038157742,0.034848798
2025-01-06 03:30:00,1.2753558,0.039999202,0.036647864
2025-01-06 04:30:00,1.2580963,0.039645318,0.036332708
2025-01-06 05:30:00,1.237882,0.038135637,0.034911357
2025-01-06 06:30:00,1.227629,0.03512379,0.03199107
2025-01-06 07:30:00,1.2103083,0.0332777,0.030201646
2025-01-06 08:30:00,1.192179,0.034092285,0.031006727
2025-01-06 09:30:00,1.2109394,0.03211616,0.029002398
2025-01-06 10:30:00,1.2492006,0.030410383,0.02731319
2025-01-06 11:30:00,1.2889986,0.027375747,0.024369776
2025-01-06 12:30:00,1.3027649,0.02497026,0.021919992
2025-01-06 13:30:00,1.3092144,0.025357965,0.022086078
2025-01-06 14:30:00,1.3145905,0.02614012,0.022667086
2025-01-06 15:30:00,1.3470764,0.027444422,0.023809489
2025-01-06 16:30:00,1.3847642,0.0291301,0.025337558
2025-01-06 17:30:00,1.3986661,0.031388424,0.027433336
2025-01-06 18:30:00,1.3851765,0.033938937,0.029892042
2025-01-06 19:30:00,1.4133124,0.033607855,0.029634798
2025-01-06 20:30:00,1.4566334,0.03229217,0.02826364
2025-01-06 21:30:00,1.4842303,0.035958264,0.031616002
2025-01-06 22:30:00,1.4628036,0.036932595,0.032630112
2025-01-06 23:30:00,1.447441,0.039362524,0.0349537
2025-01-07 00:30:00,1.4418707,0.040900525,0.036370143
2025-01-07 01:30:00,1.4402803,0.042092763,0.037508003
2025-01-07 02:30:00,1.4445009,0.04259807,0.037962984
2025-01-07 03:30:00,1.4544474,0.042820062,0.038140804
2025-01-07 04:30:00,1.4697186,0.043317687,0.038526095
2025-01-07 05:30:00,1.4845175,0.0446749,0.039661292
2025-01-07 06:30:00,1.4962502,0.04685723,0.041549243
2025-01-07 07:30:00,1.4700459,0.051819485,0.04622673
2025-01-07 08:30:00,1.449054,0.05509411,0.04924131
2025-01-07 09:30:00,1.4338315,0.060437486,0.05438907
2025-01-07 10:30:00,1.4113283,0.06494984,0.05883261
2025-01-07 11:30:00,1.4027162,0.062000178,0.055935223
2025-01-07 12:30:00,1.3920803,0.058780193,0.05278976
2025-01-07 13:30:00,1.3580786,0.06371312,0.057802893
2025-01-07 14:30:00,1.3251352,0.06879757,0.06319606
2025-01-07 15:30:00,1.2995001,0.07819638,0.07311966
2025-01-07 16:30:00,1.2985175,0.07061005,0.06628216
2025-01-07 17:30:00,1.2980547,0.057863988,0.054159608
2025-01-07 18:30:00,1.2462952,0.0437352,0.040655717
2025-01-07 19:30:00,1.1195574,0.041598428,0.03818292
2025-01-07 20:30:00,0.96644896,0.045138087,0.04131822
2025-01-07 21:30:00,0.86652577,0.053771373,0.04936563
2025-01-07 22:30:00,0.7899765,0.060616985,0.055727486
2025-01-07 23:30:00,0.7495249,0.065911524,0.060560998
2025-01-08 00:30:00,1.0155767,0.13049728,0.11975753
2025-01-08 01:30:00,0.94416374,0.124325916,0.11420209
2025-01-08 02:30:00,0.91493076,0.09596955,0.08857513
2025-01-08 03:30:00,0.9508676,0.07311707,0.06751763
2025-01-08 04:30:00,1.019329,0.06213709,0.057389602
2025-01-08 05:30:00,1.1137161,0.059201356,0.05479659
2025-01-08 06:30:00,1.178245,0.0676637,0.06274556
2025-01-08 07:30:00,1.2478138,0.08514322,0.07907181
2025-01-08 08:30:00,1.3416474,0.10003378,0.09259238
2025-01-08 09:30:00,1.4192668,0.10823949,0.0997
2025-01-08 10:30:00,1.4589889,0.11248063,0.1032244
2025-01-08 11:30:00,1.4621758,0.10981985,0.10076551
2025-01-08 12:30:00,1.4006965,0.09315061,0.085530214
2025-01-08 13:30:00,1.3172764,0.07384366,0.06787645
2025-01-08 14:30:00,1.272137,0.061978433,0.056890685
2025-01-08 15:30:00,1.2548137,0.054289322,0.04968216
2025-01-08 16:30:00,1.2418218,0.051827393,0.047456816
2025-01-08 17:30:00,1.2373972,0.052272785,0.04801381
2025-01-08 18:30:00,1.2980806,0.044219162,0.04100625
2025-01-08 19:30:00,1.106312,0.050914392,0.047192954
2025-01-08 20:30:00,0.9375245,0.058198534,0.05380999
2025-01-08 21:30:00,0.87524384,0.061397802,0.05663519
2025-01-08 22:30:00,0.82129115,0.06460674,0.059394814
2025-01-08 23:30:00,0.79087186,0.063768536,0.058549598
2025-01-09 00:30:00,0.80150014,0.059132785,0.054183386
2025-01-09 01:30:00,0.8639222,0.05308896,0.04853893
2025-01-09 02:30:00,0.9639926,0.04586629,0.041852344
2025-01-09 03:30:00,1.0806386,0.039999418,0.036359724
2025-01-09 04:30:00,1.1914291,0.03534646,0.032017447
2025-01-09 05:30:00,1.272113,0.029975064,0.026962025
2025-01-09 06:30:00,1.3181138,0.025145574,0.02239156
2025-01-09 07:30:00,1.3420712,0.021797728,0.019203357
2025-01-09 08:30:00,1.3415517,0.02007927,0.017500222
2025-01-09 09:30:00,1.3263103,0.020181486,0.01753352
2025-01-09 10:30:00,1.2751974,0.022677619,0.01984875
2025-01-09 11:30:00,1.2035563,0.026041321,0.023000456
2025-01-09 12:30:00,1.1667076,0.027536511,0.02439317
2025-01-09 13:30:00,1.17677,0.027554505,0.024413176
2025-01-09 14:30:00,1.1794541,0.027189255,0.0240387
2025-01-09 15:30:00,1.1174756,0.025822692,0.022809632
2025-01-09 16:30:00,1.0451727,0.023946162,0.021152694
2025-01-09 17:30:00,1.0146667,0.022050606,0.01946492
2025-01-09 18:30:00,0.91763127,0.01979422,0.017485373
2025-01-09 19:30:00,0.8532335,0.022144375,0.019552495
2025-01-09 20:30:00,0.71043235,0.024092909,0.021346614
2025-01-09 21:30:00,1.0312704,0.04269195,0.037931904
2025-01-09 22:30:00,0.9355166,0.043699052,0.03890496
2025-01-09 23:30:00,0.81389225,0.046112016,0.04115581
2025-01-10 00:30:00,0.69287044,0.046297688,0.041445177
2025-01-10 01:30:00,0.60180026,0.04138585,0.037027467
2025-01-10 02:30:00,0.6024115,0.031932373,0.028408071
2025-01-10 03:30:00,0.6942294,0.023932762,0.021108579
2025-01-10 04:30:00,0.81793326,0.021403749,0.018793156
2025-01-10 05:30:00,0.9595024,0.021093532,0.01845793
2025-01-10 06:30:00,1.0936111,0.021212935,0.018471282
2025-01-10 07:30:00,1.1719083,0.021111187,0.018274242
2025-01-10 08:30:00,1.2106721,0.021361765,0.018453725
2025-01-10 09:30:00,1.2384397,0.021121565,0.018258043
2025-01-10 10:30:00,1.2688338,0.020860508,0.01802994
2025-01-10 11:30:00,1.2881502,0.02082138,0.017980704
2025-01-10 12:30:00,1.2930475,0.021120438,0.018232113
2025-01-10 13:30:00,1.2886498,0.021350548,0.018456358
2025-01-10 14:30:00,1.2849861,0.021291077,0.01842974
2025-01-10 15:30:00,1.2876781,0.021509396,0.018646847
2025-01-10 16:30:00,1.2906517,0.021679131,0.018815786
2025-01-10 17:30:00,1.2948288,0.02143942,0.018609963
2025-01-10 18:30:00,1.2764302,0.017769162,0.015403868
2025-01-10 19:30:00,1.2946408,0.018215895,0.015733773
2025-01-10 20:30:00,1.3162519,0.019107515,0.016436199
2025-01-10 21:30:00,1.3182559,0.023102144,0.019912126
2025-01-10 22:30:00,1.3354493,0.02580341,0.022218307
2025-01-10 23:30:00,1.3639113,0.02954207,0.025465317
2025-01-11 00:30:00,1.4236352,0.037429783,0.03239714
2025-01-11 01:30:00,1.513561,0.054167103,0.047152676
2025-01-11 02:30:00,1.633723,0.07916953,0.069150776
2025-01-11 03:30:00,1.7609439,0.106754676,0.09341681
2025-01-11 04:30:00,1.8646611,0.13588567,0.119055316
2025-01-11 05:30:00,1.933315,0.16946794,0.14860785
2025-01-11 06:30:00,1.9664638,0.2010763,0.17650408
2025-01-11 07:30:00,1.9728577,0.21052943,0.18508285
2025-01-11 08:30:00,1.9514124,0.18478328,0.16298243
2025-01-11 09:30:00,1.901669,0.14474833,0.12827645
2025-01-11 10:30:00,1.8270806,0.11535459,0.10278757
2025-01-11 11:30:00,1.7463102,0.102071345,0.09127711
2025-01-11 12:30:00,1.7006232,0.10315916,0.092276186
2025-01-11 13:30:00,1.707048,0.113027595,0.101030216
2025-01-11 14:30:00,1.7355032,0.12258732,0.10940511
2025-01-11 15:30:00,1.7522713,0.122898445,0.10947323
2025-01-11 16:30:00,1.739177,0.11134852,0.09889783
2025-01-11 17:30:00,1.7200416,0.09794962,0.0863864
2025-01-11 18:30:00,1.6107696,0.058599874,0.05132813
2025-01-11 19:30:00,1.5541266,0.05638464,0.049086843
2025-01-11 20:30:00,1.5454417,0.063013226,0.05445648
2025-01-11 21:30:00,1.5136098,0.07745906,0.06713661
2025-01-11 22:30:00,1.4858992,0.07877215,0.06845995
2025-01-11 23:30:00,1.3001195,0.06483868,0.056685623
2025-01-12 00:30:00,1.0906754,0.054968987,0.048422754
2025-01-12 01:30:00,0.9961864,0.053548306,0.04732164
2025-01-12 02:30:00,0.97734714,0.053607814,0.047385633
2025-01-12 03:30:00,0.97962886,0.05099869,0.04504657
2025-01-12 04:30:00,0.9769921,0.046257652,0.040752623
2025-01-12 05:30:00,0.97722316,0.04032209,0.035392005
2025-01-12 06:30:00,0.9920952,0.034937024,0.030514296
2025-01-12 07:30:00,1.0279732,0.032352302,0.02813301
2025-01-12 08:30:00,1.0666054,0.030550418,0.026532765
2025-01-12 09:30:00,1.0954767,0.029088702,0.025258744
2025-01-12 10:30:00,1.1114604,0.028134283,0.024415996
2025-01-12 11:30:00,1.1182128,0.027365893,0.023743834
2025-01-12 12:30:00,1.1259168,0.026051007,0.02255497
2025-01-12 13:30:00,1.1437076,0.024651073,0.021305157
2025-01-12 14:30:00,1.181535,0.02380748,0.020586386
2025-01-12 15:30:00,1.2270143,0.02289515,0.019737126
2025-01-12 16:30:00,1.2739421,0.021378838,0.018341439
2025-01-12 17:30:00,1.3057252,0.019643568,0.016776206
2025-01-12 18:30:00,1.3311517,0.018105779,0.015397203
2025-01-12 19:30:00,1.315914,0.018430853,0.01575403
2025-01-12 20:30:00,1.2701304,0.019400017,0.01671015
2025-01-12 21:30:00,1.0640725,0.024371393,0.021461964
2025-01-12 22:30:00,0.9825513,0.024547499,0.021625
2025-01-12 23:30:00,0.9200322,0.025506957,0.022511454
2025-01-13 00:30:00,0.8404237,0.034246013,0.03075957
2025-01-13 01:30:00,0.83677894,0.035953913,0.03233815
2025-01-13 02:30:00,0.85008436,0.035115376,0.031515945
2025-01-13 03:30:00,0.86710775,0.032605506,0.029138148
2025-01-13 04:30:00,0.9175985,0.030518329,0.027091127
2025-01-13 05:30:00,0.9975662,0.029624093,0.026079753
2025-01-13 06:30:00,1.0796691,0.028935649,0.025329666
2025-01-13 07:30:00,1.1559641,0.028093355,0.024488725
2025-01-13 08:30:00,1.2260667,0.02873336,0.02503913
2025-01-13 09:30:00,1.2754456,0.030448213,0.026650613
2025-01-13 10:30:00,1.3024602,0.031509742,0.027698312
2025-01-13 11:30:00,1.3169161,0.031750623,0.028011616
2025-01-13 12:30:00,1.3217304,0.031627074,0.027960576
2025-01-13 13:30:00,1.3198975,0.031465277,0.027818434
2025-01-13 14:30:00,1.309951,0.031190595,0.027524088
2025-01-13 15:30:00,1.2988256,0.030802097,0.027140902
2025-01-13 16:30:00,1.2944595,0.030425878,0.026785025
2025-01-13 17:30:00,1.2798871,0.029896542,0.026269801
2025-01-13 18:30:00,1.2716751,0.028260062,0.024673663
2025-01-13 19:30:00,1.2378997,0.027242111,0.023641698
2025-01-13 20:30:00,1.1970896,0.026431646,0.022800665
2025-01-13 21:30:00,1.026694,0.029924806,0.026201839
2025-01-13 22:30:00,0.9587094,0.03021116,0.026467478
2025-01-13 23:30:00,0.9059437,0.03008197,0.026382314
2025-01-14 00:30:00,0.87522423,0.029772334,0.026128916
2025-01-14 01:30:00,0.86636615,0.029449394,0.02586281
2025-01-14 02:30:00,0.88429475,0.028887784,0.02536158
2025-01-14 03:30:00,0.93171906,0.027894983,0.024437783
2025-01-14 04:30:00,0.9899527,0.026967034,0.023558801
2025-01-14 05:30:00,1.0431561,0.026392642,0.02299059
2025-01-14 06:30:00,1.0825855,0.026338894,0.022906998
2025-01-14 07:30:00,1.1000438,0.026967594,0.023465063
2025-01-14 08:30:00,1.0968983,0.028034361,0.024448883
2025-01-14 09:30:00,1.0970907,0.02874402,0.025131226
2025-01-14 10:30:00,1.1074886,0.02910013,0.025494728
2025-01-14 11:30:00,1.1148704,0.029357104,0.025746996
2025-01-14 12:30:00,1.118542,0.029509235,0.02588186
2025-01-14 13:30:00,1.1280394,0.02970269,0.026028957
2025-01-14 14:30:00,1.1522952,0.03010829,0.026357746
2025-01-14 15:30:00,1.2012867,0.030512322,0.026725434
2025-01-14 16:30:00,1.2663388,0.030173015,0.026434055
2025-01-14 17:30:00,1.3067896,0.029125456,0.02545718
2025-01-14 18:30:00,1.2679071,0.029355664,0.025655128
2025-01-14 19:30:00,1.201909,0.030605467,0.026790744
2025-01-14 20:30:00,1.1371788,0.031816468,0.027857201
2025-01-14 21:30:00,0.9185508,0.04413165,0.039697327
2025-01-14 22:30:00,0.88865644,0.04539791,0.040779542
2025-01-14 23:30:00,0.8874712,0.044481717,0.039875135
2025-01-15 00:30:00,0.9149069,0.042049296,0.037574343
2025-01-15 01:30:00,0.9636319,0.03840966,0.03413275
2025-01-15 02:30:00,1.0279927,0.033987764,0.030012427
2025-01-15 03:30:00,1.1150192,0.02956313,0.025958117
2025-01-15 04:30:00,1.2161219,0.0262324,0.02295372
2025-01-15 05:30:00,1.3179628,0.024000417,0.020959543
2025-01-15 06:30:00,1.411336,0.022558473,0.01968355
2025-01-15 07:30:00,1.4905324,0.021574613,0.018825322
2025-01-15 08:30:00,1.5518949,0.02087722,0.018228857
2025-01-15 09:30:00,1.5915236,0.020486455,0.01789048
2025-01-15 10:30:00,1.6095394,0.020322805,0.017754044
2025-01-15 11:30:00,1.6050993,0.02032283,0.017747883
2025-01-15 12:30:00,1.585273,0.02032837,0.017718397
2025-01-15 13:30:00,1.5674077,0.020247037,0.017599296
2025-01-15 14:30:00,1.5590488,0.020114196,0.017420249
2025-01-15 15:30:00,1.5572386,0.020059338,0.017326761
2025-01-15 16:30:00,1.5565954,0.020056337,0.017294748
2025-01-15 17:30:00,1.5353197,0.020148523,0.01735459
2025-01-15 18:30:00,1.5407956,0.019301718,0.016580006
2025-01-15 19:30:00,1.3935981,0.02125359,0.018360171
2025-01-15 20:30:00,1.2479222,0.023903243,0.020792164
2025-01-15 21:30:00,1.0761219,0.028009053,0.024549725
2025-01-15 22:30:00,0.9816501,0.030507449,0.026852455
2025-01-15 23:30:00,0.9162946,0.032452352,0.028641948
2025-01-16 00:30:00,0.89709705,0.033332396,0.029448124
2025-01-16 01:30:00,0.92191017,0.033398826,0.029485421
2025-01-16 02:30:00,0.97187954,0.03310836,0.029171137
2025-01-16 03:30:00,1.029,0.032635055,0.028658723
2025-01-16 04:30:00,1.0855505,0.032079212,0.028089395
2025-01-16 05:30:00,1.1366014,0.031800978,0.027796684
2025-01-16 06:30:00,1.1802633,0.03191339,0.027868949
2025-01-16 07:30:00,1.2160097,0.032328423,0.028236048
2025-01-16 08:30:00,1.2406095,0.032353893,0.028242838
2025-01-16 09:30:00,1.2558678,0.031637393,0.027571773
2025-01-16 10:30:00,1.2699223,0.030768367,0.026761364
2025-01-16 11:30:00,1.2849942,0.030045912,0.026113939
2025-01-16 12:30:00,1.2991353,0.02945231,0.025589328
2025-01-16 13:30:00,1.307729,0.029144367,0.025328634
2025-01-16 14:30:00,1.3072517,0.029347466,0.025531802
2025-01-16 15:30:00,1.3009577,0.030458443,0.026577812
2025-01-16 16:30:00,1.2928964,0.032632753,0.02860393
2025-01-16 17:30:00,1.2848909,0.035798367,0.031526785
2025-01-16 18:30:00,1.4408904,0.031892218,0.028145894
2025-01-16 19:30:00,1.4412006,0.033504806,0.029691597
2025-01-16 20:30:00,1.438614,0.035868216,0.031908974
2025-01-16 21:30:00,1.2770736,0.046170983,0.041452195
2025-01-16 22:30:00,1.279664,0.052783135,0.04764586
2025-01-16 23:30:00,1.28485,0.06106936,0.055489108
2025-01-17 00:30:00,1.2909439,0.0672474,0.061245706
2025-01-17 01:30:00,1.289523,0.075443216,0.06906546
2025-01-17 02:30:00,1.2651417,0.090299405,0.083727024
2025-01-17 03:30:00,1.2391225,0.11382304,0.10725098
2025-01-17 04:30:00,1.2456517,0.119296215,0.11286967
2025-01-17 05:30:00,1.2624013,0.10851663,0.10230691
2025-01-17 06:30:00,1.2670332,0.113396,0.10740089
2025-01-17 07:30:00,1.2739218,0.113067985,0.10727638
2025-01-17 08:30:00,1.2863351,0.100611106,0.09503575
2025-01-17 09:30:00,1.2792646,0.10553601,0.10010544
2025-01-17 10:30:00,1.2778107,0.10728741,0.10190665
2025-01-17 11:30:00,1.2829946,0.098891325,0.093445845
2025-01-17 12:30:00,1.2614801,0.109195426,0.10367377
2025-01-17 13:30:00,1.2564906,0.108486295,0.10303193
2025-01-17 14:30:00,1.2556636,0.09355545,0.088334434
2025-01-17 15:30:00,1.2516563,0.09135876,0.0864152
2025-01-17 16:30:00,1.3078318,0.0800953,0.07530048
2025-01-17 17:30:00,1.3770151,0.06570034,0.060959727
2025-01-17 18:30:00,1.3277305,0.040554296,0.037015527
2025-01-17 19:30:00,1.3187537,0.040828064,0.037321255
2025-01-17 20:30:00,1.3263702,0.041675363,0.038081933
2025-01-17 21:30:00,1.3490723,0.04575601,0.04180392
2025-01-17 22:30:00,1.3550311,0.047808167,0.04383722
2025-01-17 23:30:00,1.3555961,0.051389974,0.047324788
2025-01-18 00:30:00,1.3487078,0.0564438,0.052207448
2025-01-18 01:30:00,1.3078519,0.06489475,0.060602777
2025-01-18 02:30:00,1.2652512,0.07207611,0.06773029
2025-01-18 03:30:00,1.2433022,0.09019343,0.08587534
2025-01-18 04:30:00,1.248301,0.096636586,0.09234402
2025-01-18 05:30:00,1.2677149,0.08479589,0.08059757
2025-01-18 06:30:00,1.2720733,0.08667993,0.082571864
2025-01-18 07:30:00,1.2723007,0.08941237,0.085353464
2025-01-18 08:30:00,1.3232081,0.07679832,0.07280676
2025-01-18 09:30:00,1.385595,0.067946844,0.06405141
2025-01-18 10:30:00,1.394141,0.06758216,0.06368068
2025-01-18 11:30:00,1.373944,0.07191626,0.067878254
2025-01-18 12:30:00,1.352946,0.08602799,0.081845336
2025-01-18 13:30:00,1.3498013,0.093155354,0.08885589
2025-01-18 14:30:00,1.3673984,0.08497202,0.08065963
2025-01-18 15:30:00,1.4442621,0.07063046,0.06641779
2025-01-18 16:30:00,1.5397149,0.049354833,0.04528049
2025-01-18 17:30:00,1.5748913,0.04150181,0.03743943
2025-01-18 18:30:00,1.6081634,0.034160014,0.030249033
2025-01-18 19:30:00,1.6189212,0.034534574,0.030443741
2025-01-18 20:30:00,1.6208072,0.03586627,0.03161836
2025-01-18 21:30:00,1.5075688,0.04042834,0.03601016
2025-01-18 22:30:00,1.500128,0.04172057,0.03723201
2025-01-18 23:30:00,1.489373,0.043542445,0.038912836
2025-01-19 00:30:00,1.4677678,0.046423666,0.041612137
2025-01-19 01:30:00,1.4291848,0.051011067,0.045978907
2025-01-19 02:30:00,1.382222,0.05663714,0.051470578
2025-01-19 03:30:00,1.3538228,0.061350644,0.056226786
2025-01-19 04:30:00,1.3423704,0.061002836,0.05599756
2025-01-19 05:30:00,1.3477144,0.05486053,0.049984258
2025-01-19 06:30:00,1.3578504,0.048588775,0.04383064
2025-01-19 07:30:00,1.3539246,0.043504123,0.038902715
2025-01-19 08:30:00,1.3363757,0.039983135,0.035534676
2025-01-19 09:30:00,1.3171782,0.03753857,0.033214606
2025-01-19 10:30:00,1.3082645,0.035726294,0.031515833
2025-01-19 11:30:00,1.3125576,0.034454662,0.030322233
2025-01-19 12:30:00,1.3249117,0.033680268,0.029584812
2025-01-19 13:30:00,1.3428886,0.033020463,0.028954148
2025-01-19 14:30:00,1.362887,0.032516256,0.028474059
2025-01-19 15:30:00,1.382802,0.03259227,0.028550835
2025-01-19 16:30:00,1.401154,0.03317298,0.029116886
2025-01-19 17:30:00,1.4181685,0.03415805,0.030062355
2025-01-19 18:30:00,1.4390198,0.036494967,0.032286707
2025-01-19 19:30:00,1.456335,0.037448425,0.0332632
2025-01-19 20:30:00,1.4786668,0.038953494,0.03478206
2025-01-19 21:30:00,1.4814415,0.057386693,0.05214919
2025-01-19 22:30:00,1.5257635,0.061868727,0.05626796
2025-01-19 23:30:00,1.5507131,0.06599029,0.06010147
2025-01-20 00:30:00,1.5522542,0.07251198,0.066369526
2025-01-20 01:30:00,1.5149218,0.085013956,0.0786314
2025-01-20 02:30:00,1.4673606,0.101800196,0.09508465
2025-01-20 03:30:00,1.4417976,0.11710093,0.11001848
2025-01-20 04:30:00,1.4219148,0.12706646,0.11982749
2025-01-20 05:30:00,1.3800961,0.13579436,0.12846786
2025-01-20 06:30:00,1.3447787,0.15000051,0.1427415
2025-01-20 07:30:00,1.3428246,0.15384856,0.14676331
2025-01-20 08:30:00,1.3439715,0.15658118,0.14949562
2025-01-20 09:30:00,1.3048128,0.18609706,0.17894827
2025-01-20 10:30:00,1.2721422,0.21475346,0.20752656
2025-01-20 11:30:00,1.2466666,0.21378477,0.20661804
2025-01-20 12:30:00,1.2580062,0.20298156,0.196047
2025-01-20 13:30:00,1.2860378,0.16542447,0.1588566
2025-01-20 14:30:00,1.3549807,0.10620273,0.10023404
2025-01-20 15:30:00,1.416671,0.06267063,0.057534512
2025-01-20 16:30:00,1.403418,0.039273333,0.035064388
2025-01-20 17:30:00,1.3387932,0.027142435,0.023546308
2025-01-20 18:30:00,1.2158656,0.023377597,0.01999075
2025-01-20 19:30:00,1.0728103,0.022956425,0.019580409
2025-01-20 20:30:00,0.9334827,0.02365612,0.020249883
2025-01-20 21:30:00,0.93689567,0.032476164,0.028842453
2025-01-20 22:30:00,0.82477003,0.033724315,0.029880447
2025-01-20 23:30:00,0.69403213,0.03446663,0.03043726
2025-01-21 00:30:00,0.6394621,0.033466935,0.029472027
2025-01-21 01:30:00,0.6377465,0.03157323,0.027795438
2025-01-21 02:30:00,0.6827069,0.028326802,0.024902519
2025-01-21 03:30:00,0.76484734,0.024835158,0.021741522
2025-01-21 04:30:00,0.8644343,0.021420226,0.018656109
2025-01-21 05:30:00,1.0044371,0.018096123,0.015652807
2025-01-21 06:30:00,1.1443149,0.01572691,0.013512583
2025-01-21 07:30:00,1.2385374,0.014684231,0.012573937
2025-01-21 08:30:00,1.3098079,0.014381463,0.01230366
2025-01-21 09:30:00,1.3630289,0.014466831,0.012377674
2025-01-21 10:30:00,1.4096,0.014595951,0.012475233
2025-01-21 11:30:00,1.4573109,0.014624754,0.012480724
2025-01-21 12:30:00,1.4954728,0.014631095,0.012473994
2025-01-21 13:30:00,1.5173397,0.014702113,0.012549354
2025-01-21 14:30:00,1.5198871,0.014705286,0.012573808
2025-01-21 15:30:00,1.512919,0.01461396,0.0125167975
2025-01-21 16:30:00,1.471558,0.015716199,0.0136289
2025-01-21 17:30:00,1.4032148,0.017051727,0.014937084
2025-01-21 18:30:00,1.0127273,0.026169715,0.023372363
2025-01-21 19:30:00,1.0462348,0.026819425,0.023944743
2025-01-21 20:30:00,1.0887711,0.027696943,0.02473889
2025-01-21 21:30:00,1.1028905,0.03014708,0.027069949
2025-01-21 22:30:00,1.1422719,0.030382613,0.027340474
2025-01-21 23:30:00,1.1804588,0.029798295,0.026846921
2025-01-22 00:30:00,1.2061843,0.029947698,0.02709558
2025-01-22 01:30:00,1.2171301,0.031922106,0.029168483
2025-01-22 02:30:00,1.2193575,0.032070745,0.029397849
2025-01-22 03:30:00,1.2277548,0.031417616,0.02882602
2025-01-22 04:30:00,1.2464099,0.029999312,0.027498048
2025-01-22 05:30:00,1.2605872,0.02866328,0.026267242
2025-01-22 06:30:00,1.2729509,0.027808445,0.025504049
2025-01-22 07:30:00,1.2782686,0.028069202,0.025799066
2025-01-22 08:30:00,1.2822987,0.028257346,0.025995573
2025-01-22 09:30:00,1.2899528,0.02802587,0.025754249
2025-01-22 10:30:00,1.2965615,0.027792167,0.025483573
2025-01-22 11:30:00,1.2982107,0.028754555,0.0263816
2025-01-22 12:30:00,1.2816709,0.03090274,0.028469462
2025-01-22 13:30:00,1.2647172,0.031439055,0.028990017
2025-01-22 14:30:00,1.2523216,0.031561065,0.029099464
2025-01-22 15:30:00,1.252176,0.030834235,0.028374707
2025-01-22 16:30:00,1.2601854,0.029420884,0.026975358
2025-01-22 17:30:00,1.2518992,0.02795475,0.025503825
2025-01-22 18:30:00,1.175091,0.03019921,0.02757605
2025-01-22 19:30:00,1.1305994,0.031998776,0.029189993
2025-01-22 20:30:00,1.1048273,0.03241108,0.029401693
2025-01-22 21:30:00,1.0895027,0.031839468,0.028656337
2025-01-22 22:30:00,1.0826954,0.032599773,0.029265026
2025-01-22 23:30:00,1.0857722,0.03258167,0.029164644
2025-01-23 00:30:00,1.0832406,0.0286053,0.025505528
2025-01-23 01:30:00,1.0993325,0.02699148,0.02390511
2025-01-23 02:30:00,1.118534,0.025463117,0.02249335
2025-01-23 03:30:00,1.1355482,0.023710748,0.020960718
2025-01-23 04:30:00,1.1531475,0.021313261,0.01877462
2025-01-23 05:30:00,1.1748142,0.019464899,0.017062414
2025-01-23 06:30:00,1.2031493,0.018242147,0.015946675
2025-01-23 07:30:00,1.2448233,0.017220065,0.015029036
2025-01-23 08:30:00,1.2953203,0.015850132,0.01376901
2025-01-23 09:30:00,1.3366548,0.014467703,0.0124841
2025-01-23 10:30:00,1.3467543,0.013686647,0.011771168
2025-01-23 11:30:00,1.3312992,0.013666795,0.011737393
2025-01-23 12:30:00,1.3238231,0.0139858145,0.012001334
2025-01-23 13:30:00,1.3355004,0.014238133,0.0122110415
2025-01-23 14:30:00,1.3700882,0.014057844,0.012035682
2025-01-23 15:30:00,1.412684,0.013433404,0.011455407
2025-01-23 16:30:00,1.429246,0.012911221,0.010978944
2025-01-23 17:30:00,1.3460646,0.013423201,0.011448026
2025-01-23 18:30:00,1.2059252,0.01798205,0.015463387
2025-01-23 19:30:00,0.91121733,0.021498146,0.018824082
2025-01-23 20:30:00,0.66719955,0.027320644,0.024239697
2025-01-23 21:30:00,0.8617048,0.04590794,0.040387608
2025-01-23 22:30:00,0.82842827,0.05377158,0.047347832
2025-01-23 23:30:00,0.8081652,0.05492898,0.04834526
2025-01-24 00:30:00,0.806137,0.050921783,0.044780433
2025-01-24 01:30:00,0.8419564,0.043537572,0.03819134
2025-01-24 02:30:00,0.93361324,0.03496279,0.03053088
2025-01-24 03:30:00,1.0696121,0.027844066,0.024164304
2025-01-24 04:30:00,1.2027432,0.023558356,0.020330219
2025-01-24 05:30:00,1.304747,0.021311726,0.01832721
2025-01-24 06:30:00,1.3705966,0.020209398,0.017341742
2025-01-24 07:30:00,1.4111401,0.019707097,0.016885463
2025-01-24 08:30:00,1.436727,0.019524325,0.016708171
2025-01-24 09:30:00,1.4512441,0.01951571,0.016683321
2025-01-24 10:30:00,1.454586,0.019547803,0.016709698
2025-01-24 11:30:00,1.4475086,0.019568954,0.016736668
2025-01-24 12:30:00,1.4398533,0.019532269,0.01671983
2025-01-24 13:30:00,1.4408572,0.019472852,0.016675293
2025-01-24 14:30:00,1.4483781,0.019467501,0.016676407
2025-01-24 15:30:00,1.4580972,0.01956882,0.016772157
2025-01-24 16:30:00,1.4656522,0.019935176,0.017105568
2025-01-24 17:30:00,1.4581668,0.020816,0.017928522
2025-01-24 18:30:00,1.4321084,0.033280104,0.028814495
2025-01-24 19:30:00,1.3868774,0.036532782,0.031890806
2025-01-24 20:30:00,1.3575399,0.04020385,0.035167202
2025-01-24 21:30:00,1.5572662,0.08483261,0.07226592
2025-01-24 22:30:00,1.5409119,0.094310656,0.08006546
2025-01-24 23:30:00,1.5330575,0.1093714,0.09253234
2025-01-25 00:30:00,1.5366862,0.12915683,0.108872585
2025-01-25 01:30:00,1.559742,0.15435944,0.12965477
2025-01-25 02:30:00,1.5964006,0.18560423,0.15552951
2025-01-25 03:30:00,1.6426727,0.21510074,0.17959483
2025-01-25 04:30:00,1.6832148,0.2345868,0.19566207
2025-01-25 05:30:00,1.7092863,0.24166782,0.20219128
2025-01-25 06:30:00,1.7260414,0.23714925,0.19956414
2025-01-25 07:30:00,1.7399907,0.22581582,0.19171368
2025-01-25 08:30:00,1.733752,0.21470305,0.18492506
2025-01-25 09:30:00,1.7111287,0.20133528,0.17637624
2025-01-25 10:30:00,1.6782023,0.18310674,0.16216746
2025-01-25 11:30:00,1.6247337,0.17116939,0.15321834
2025-01-25 12:30:00,1.5274869,0.17221166,0.15705879
2025-01-25 13:30:00,1.5017127,0.137108,0.12529697
2025-01-25 14:30:00,1.4715056,0.11082005,0.101722434
2025-01-25 15:30:00,1.3878804,0.11113004,0.10407439
2025-01-25 16:30:00,1.325408,0.11405811,0.10836375
2025-01-25 17:30:00,1.3002669,0.10178158,0.09699403
2025-01-25 18:30:00,1.3016087,0.07826259,0.07410255
2025-01-25 19:30:00,1.2831897,0.064104505,0.060852878
2025-01-25 20:30:00,1.2313797,0.059594303,0.056572016
2025-01-25 21:30:00,1.2342851,0.087261364,0.08243921
2025-01-25 22:30:00,1.1283296,0.07715943,0.074300885
2025-01-25 23:30:00,1.0964458,0.06262289,0.060064726
2025-01-26 00:30:00,1.122863,0.064351216,0.061754942
2025-01-26 01:30:00,1.1273236,0.06479907,0.062049866
2025-01-26 02:30:00,1.0865207,0.06255937,0.059666432
2025-01-26 03:30:00,1.0620316,0.072736874,0.06968945
2025-01-26 04:30:00,1.0490282,0.059774064,0.05667146
2025-01-26 05:30:00,1.0208013,0.050685372,0.047468793
2025-01-26 06:30:00,0.9743272,0.058711044,0.05527273
2025-01-26 07:30:00,0.89312935,0.06659997,0.06301667
2025-01-26 08:30:00,0.8280457,0.066255026,0.062729634
2025-01-26 09:30:00,0.8189215,0.07579945,0.07236271
2025-01-26 10:30:00,0.81261814,0.066650905,0.06339114
2025-01-26 11:30:00,0.81677806,0.057938762,0.05482028
2025-01-26 12:30:00,0.84750384,0.06565949,0.06259377
2025-01-26 13:30:00,0.8456598,0.06934847,0.0662892
2025-01-26 14:30:00,0.82365966,0.06805677,0.06499097
2025-01-26 15:30:00,0.82828313,0.07245101,0.069345854
2025-01-26 16:30:00,0.8442628,0.067620695,0.06459051
2025-01-26 17:30:00,0.8745496,0.05777498,0.05480624
2025-01-26 18:30:00,1.0219544,0.08029788,0.076481804
2025-01-26 19:30:00,1.0566196,0.07777467,0.07403606
2025-01-26 20:30:00,1.054904,0.072207406,0.06857167
2025-01-26 21:30:00,1.0168715,0.061552368,0.058400422
2025-01-26 22:30:00,0.99635655,0.0602609,0.057212032
2025-01-26 23:30:00,0.9537648,0.059207864,0.05615912
2025-01-27 00:30:00,0.9272818,0.07070818,0.06763923
2025-01-27 01:30:00,0.87729704,0.079477906,0.07645133
2025-01-27 02:30:00,0.83876276,0.07605632,0.07313266
2025-01-27 03:30:00,0.8693219,0.08085737,0.07798491
2025-01-27 04:30:00,0.88321483,0.07871442,0.075910136
2025-01-27 05:30:00,0.8709862,0.07197792,0.06920019
2025-01-27 06:30:00,0.9185133,0.08208802,0.07931656
2025-01-27 07:30:00,0.9230876,0.08615282,0.08330209
2025-01-27 08:30:00,0.89000106,0.07687824,0.07391753
2025-01-27 09:30:00,0.90961164,0.086946405,0.0838528
2025-01-27 10:30:00,0.9088209,0.08866566,0.08538059
2025-01-27 11:30:00,0.9041268,0.08089891,0.077508934
2025-01-27 12:30:00,0.9815558,0.078553185,0.07514961
2025-01-27 13:30:00,1.0200561,0.077972904,0.0745396
2025-01-27 14:30:00,1.0177199,0.07808907,0.07458813
2025-01-27 15:30:00,1.0327475,0.08325375,0.079694055
2025-01-27 16:30:00,1.0509549,0.08606336,0.0824577
2025-01-27 17:30:00,1.0741647,0.07700287,0.07341439
2025-01-27 18:30:00,1.117487,0.08154412,0.07774431
2025-01-27 19:30:00,1.1365886,0.07331595,0.06969589
2025-01-27 20:30:00,1.1544777,0.06435917,0.060870323
2025-01-27 21:30:00,1.1732588,0.062389877,0.058891572
2025-01-27 22:30:00,1.2053155,0.06058374,0.05703088
2025-01-27 23:30:00,1.2448074,0.06379983,0.05999641
2025-01-28 00:30:00,1.275657,0.07456035,0.07050597
2025-01-28 01:30:00,1.3331524,0.086475864,0.08176997
2025-01-28 02:30:00,1.3821257,0.09625071,0.09059465
2025-01-28 03:30:00,1.4122347,0.09958594,0.09316928
2025-01-28 04:30:00,1.4261017,0.10053442,0.09361038
2025-01-28 05:30:00,1.4247004,0.10300898,0.095825516
2025-01-28 06:30:00,1.4038236,0.10988847,0.10253445
2025-01-28 07:30:00,1.3895993,0.113722496,0.10640397
2025-01-28 08:30:00,1.3980287,0.10759311,0.100359835
2025-01-28 09:30:00,1.3654351,0.12900299,0.12172963
2025-01-28 10:30:00,1.3490893,0.14543071,0.13791308
2025-01-28 11:30:00,1.3485035,0.14704306,0.13940677
2025-01-28 12:30:00,1.3280044,0.17391108,0.1661542
2025-01-28 13:30:00,1.3328273,0.18172354,0.17404212
2025-01-28 14:30:00,1.3513634,0.1708002,0.16323446
2025-01-28 15:30:00,1.35713,0.18457025,0.17705734
2025-01-28 16:30:00,1.416387,0.18011892,0.17264423
2025-01-28 17:30:00,1.439455,0.16637145,0.15891154
2025-01-28 18:30:00,1.3595173,0.10962205,0.104149476
2025-01-28 19:30:00,1.3502245,0.11735609,0.1116972
2025-01-28 20:30:00,1.3371763,0.13106701,0.124970034
2025-01-28 21:30:00,1.3235775,0.17978074,0.1724825
2025-01-28 22:30:00,1.3063703,0.21575455,0.20766045
2025-01-28 23:30:00,1.2843887,0.24685122,0.23790877
2025-01-29 00:30:00,1.2901237,0.22748926,0.21793593
2025-01-29 01:30:00,1.2807326,0.18076313,0.17149504
2025-01-29 02:30:00,1.2670323,0.16145502,0.15290128
2025-01-29 03:30:00,1.2698486,0.16554973,0.15738244
2025-01-29 04:30:00,1.2745516,0.16551247,0.1574724
2025-01-29 05:30:00,1.2776625,0.15711501,0.14915432
2025-01-29 06:30:00,1.2801886,0.15555511,0.14795762
2025-01-29 07:30:00,1.2912068,0.14601779,0.13872965
2025-01-29 08:30:00,1.3127658,0.12181223,0.11492164
2025-01-29 09:30:00,1.3019675,0.119628504,0.113170534
2025-01-29 10:30:00,1.2972182,0.11724332,0.111124635
2025-01-29 11:30:00,1.31647,0.09578502,0.08997555
2025-01-29 12:30:00,1.3101102,0.09611182,0.090565644
2025-01-29 13:30:00,1.3360091,0.09159356,0.086302705
2025-01-29 14:30:00,1.3807257,0.080200456,0.07512528
2025-01-29 15:30:00,1.3977613,0.08378796,0.07865129
2025-01-29 16:30:00,1.4264123,0.08577693,0.08048127
2025-01-29 17:30:00,1.4569312,0.08081912,0.07549092
2025-01-29 18:30:00,1.4587677,0.06727462,0.06265813
2025-01-29 19:30:00,1.4625582,0.06543302,0.061009023
2025-01-29 20:30:00,1.4750428,0.063201495,0.0588984
2025-01-29 21:30:00,1.4911013,0.06468418,0.06018884
2025-01-29 22:30:00,1.4972643,0.0648879,0.060341496
2025-01-29 23:30:00,1.5046246,0.06748771,0.06276965
2025-01-30 00:30:00,1.508218,0.07308658,0.06804818
2025-01-30 01:30:00,1.4659752,0.08525263,0.079831116
2025-01-30 02:30:00,1.3780867,0.10388165,0.09810272
2025-01-30 03:30:00,1.3546941,0.11805553,0.11214792
2025-01-30 04:30:00,1.3579837,0.11635523,0.11041358
2025-01-30 05:30:00,1.361712,0.10628061,0.1003761
2025-01-30 06:30:00,1.3400314,0.11417531,0.10835601
2025-01-30 07:30:00,1.3119285,0.11777845,0.112078816
2025-01-30 08:30:00,1.3153219,0.1128349,0.10703519
2025-01-30 09:30:00,1.2861906,0.13413,0.12835562
2025-01-30 10:30:00,1.2705052,0.13797183,0.13231356
2025-01-30 11:30:00,1.2768761,0.11708257,0.11162343
2025-01-30 12:30:00,1.2575828,0.13258652,0.12725875
2025-01-30 13:30:00,1.2550589,0.14053003,0.13532998
2025-01-30 14:30:00,1.2750068,0.121762246,0.11671187
2025-01-30 15:30:00,1.2952871,0.11798206,0.11308378
2025-01-30 16:30:00,1.4001056,0.098307505,0.093580976
2025-01-30 17:30:00,1.4822339,0.078206144,0.073626876
2025-01-30 18:30:00,1.4778233,0.041194476,0.03791672
2025-01-30 19:30:00,1.502811,0.039950687,0.036629982
2025-01-30 20:30:00,1.5079199,0.039607547,0.036225565
2025-01-30 21:30:00,1.4676207,0.049138162,0.04506819
2025-01-30 22:30:00,1.4884704,0.046221998,0.042174924
2025-01-30 23:30:00,1.5081745,0.04343651,0.039451852
2025-01-31 00:30:00,1.5155264,0.041758917,0.037864212
2025-01-31 01:30:00,1.5218593,0.040580396,0.036749776
2025-01-31 02:30:00,1.5285641,0.040521704,0.036740936
2025-01-31 03:30:00,1.537511,0.041216552,0.037434343
2025-01-31 04:30:00,1.5465728,0.04169014,0.0378624
2025-01-31 05:30:00,1.5522487,0.041677028,0.03783023
2025-01-31 06:30:00,1.5483187,0.041806284,0.038012195
2025-01-31 07:30:00,1.5414686,0.04212994,0.038390145
2025-01-31 08:30:00,1.5300792,0.043829337,0.040078796
2025-01-31 09:30:00,1.5152165,0.047209304,0.043398652
2025-01-31 10:30:00,1.5079486,0.04816058,0.044393506
2025-01-31 11:30:00,1.5005974,0.04611356,0.04245322
2025-01-31 12:30:00,1.4854355,0.044793066,0.041316394
2025-01-31 13:30:00,1.4871101,0.040266197,0.036972173
2025-01-31 14:30:00,1.4967806,0.035444364,0.03228394
2025-01-31 15:30:00,1.5073757,0.034028992,0.030965636
2025-01-31 16:30:00,1.5404863,0.03001328,0.027042098
2025-01-31 17:30:00,1.5603906,0.027864043,0.02490008
2025-01-31 18:30:00,1.5036949,0.039960656,0.035994455
2025-01-31 19:30:00,1.5167061,0.03926314,0.035277475
2025-01-31 20:30:00,1.5322767,0.03635872,0.032512076
2025-01-31 21:30:00,1.5151783,0.033180412,0.029733093
2025-01-31 22:30:00,1.5357014,0.031640895,0.028263768
2025-01-31 23:30:00,1.5252242,0.03681639,0.033165194
2025-02-01 00:30:00,1.5051067,0.04332859,0.039409205
2025-02-01 01:30:00,1.5095041,0.04356833,0.03966975
2025-02-01 02:30:00,1.5271896,0.042152148,0.038253184
2025-02-01 03:30:00,1.5311713,0.04156523,0.037707984
2025-02-01 04:30:00,1.5344911,0.04035654,0.036604643
2025-02-01 05:30:00,1.5429399,0.03909798,0.035406247
2025-02-01 06:30:00,1.5556535,0.037437033,0.033848315
2025-02-01 07:30:00,1.5546006,0.036051482,0.032586884
2025-02-01 08:30:00,1.5581546,0.034667615,0.031292632
2025-02-01 09:30:00,1.570698,0.03296853,0.029722214
2025-02-01 10:30:00,1.5776815,0.031749375,0.028680166
2025-02-01 11:30:00,1.598316,0.030887136,0.027900066
2025-02-01 12:30:00,1.6129584,0.03242675,0.029388264
2025-02-01 13:30:00,1.6248318,0.034264114,0.031136736
2025-02-01 14:30:00,1.6326576,0.032811485,0.029790211
2025-02-01 15:30:00,1.6284112,0.031811725,0.028963298
2025-02-01 16:30:00,1.6229292,0.0323018,0.029524125
2025-02-01 17:30:00,1.6306334,0.032391973,0.029702654
2025-02-01 18:30:00,1.617033,0.033981945,0.031294547
2025-02-01 19:30:00,1.6238713,0.034759417,0.032025293
2025-02-01 20:30:00,1.6331861,0.034713604,0.031875394
2025-02-01 21:30:00,1.6333781,0.03485074,0.031932663
2025-02-01 22:30:00,1.6094791,0.03684456,0.033787385
2025-02-01 23:30:00,1.5813802,0.038453087,0.035218865
2025-02-02 00:30:00,1.5563847,0.03949366,0.036119685
2025-02-02 01:30:00,1.5362642,0.040392872,0.036917128
2025-02-02 02:30:00,1.5075603,0.040944815,0.03740055
2025-02-02 03:30:00,1.4809728,0.038429353,0.034967422
2025-02-02 04:30:00,1.4569838,0.036097463,0.032724217
2025-02-02 05:30:00,1.4372908,0.034908682,0.031617824
2025-02-02 06:30:00,1.4228158,0.03241818,0.029387753
2025-02-02 07:30:00,1.3838664,0.031696703,0.028954942
2025-02-02 08:30:00,1.3459134,0.03248349,0.029893132
2025-02-02 09:30:00,1.3337535,0.03137626,0.028915955
2025-02-02 10:30:00,1.3500428,0.027918564,0.025615603
2025-02-02 11:30:00,1.3773983,0.024639735,0.022485401
2025-02-02 12:30:00,1.4021206,0.022404883,0.020372313
2025-02-02 13:30:00,1.4249136,0.020757727,0.01879702
2025-02-02 14:30:00,1.4466068,0.01959839,0.017682314
2025-02-02 15:30:00,1.4668936,0.018996608,0.017097838
2025-02-02 16:30:00,1.508319,0.017959097,0.016053807
2025-02-02 17:30:00,1.5448279,0.017160576,0.015230445
2025-02-02 18:30:00,1.552193,0.017295843,0.015309517
2025-02-02 19:30:00,1.5371436,0.018196605,0.016162183
2025-02-02 20:30:00,1.5272385,0.018772384,0.01669716
2025-02-02 21:30:00,1.3315881,0.024199778,0.021784052
2025-02-02 22:30:00,1.3810532,0.022998404,0.020620635
2025-02-02 23:30:00,1.4257922,0.022627741,0.02021582
2025-02-03 00:30:00,1.4591272,0.022682102,0.020197641
2025-02-03 01:30:00,1.4878297,0.022958625,0.020386208
2025-02-03 02:30:00,1.5081449,0.023484558,0.020809883
2025-02-03 03:30:00,1.5212598,0.024055261,0.021263614
2025-02-03 04:30:00,1.5254698,0.024413047,0.021550331
2025-02-03 05:30:00,1.5215522,0.024824634,0.021933513
2025-02-03 06:30:00,1.5046074,0.02559735,0.022743585
2025-02-03 07:30:00,1.4909068,0.025575891,0.022819128
2025-02-03 08:30:00,1.5022314,0.024068104,0.021452831
2025-02-03 09:30:00,1.5060624,0.023419775,0.020925336
2025-02-03 10:30:00,1.4848331,0.023771998,0.021339621
2025-02-03 11:30:00,1.4921011,0.023076672,0.020673847
2025-02-03 12:30:00,1.4963552,0.023269339,0.020814823
2025-02-03 13:30:00,1.5057098,0.023862362,0.021299567
2025-02-03 14:30:00,1.5230527,0.024337027,0.021648593
2025-02-03 15:30:00,1.5245707,0.025233746,0.022489235
2025-02-03 16:30:00,1.515373,0.026540123,0.023781657
2025-02-03 17:30:00,1.4891973,0.028783483,0.025995584
2025-02-03 18:30:00,1.4676024,0.03153923,0.028576884
2025-02-03 19:30:00,1.4907638,0.031337805,0.028152902
2025-02-03 20:30:00,1.5147294,0.03160772,0.028137188
2025-02-03 21:30:00,1.3730302,0.04352229,0.039153572
2025-02-03 22:30:00,1.4089241,0.04549525,0.04059751
2025-02-03 23:30:00,1.4416628,0.04543659,0.040248226
2025-02-04 00:30:00,1.472865,0.04278806,0.037500247
2025-02-04 01:30:00,1.4758003,0.042279154,0.036996126
2025-02-04 02:30:00,1.4737839,0.042890966,0.037735052
2025-02-04 03:30:00,1.4620376,0.045133114,0.04016447
2025-02-04 04:30:00,1.4395565,0.048209876,0.0433671
2025-02-04 05:30:00,1.4262724,0.049796604,0.04501227
2025-02-04 06:30:00,1.4429189,0.046786048,0.042032074
2025-02-04 07:30:00,1.4351794,0.04594492,0.04125222
2025-02-04 08:30:00,1.4347804,0.043051805,0.038500775
2025-02-04 09:30:00,1.4387747,0.040029287,0.03569811
2025-02-04 10:30:00,1.4387796,0.038922034,0.034749806
2025-02-04 11:30:00,1.4507262,0.03714501,0.03313356
2025-02-04 12:30:00,1.46738,0.034437012,0.030597094
2025-02-04 13:30:00,1.4693685,0.033284754,0.02944791
2025-02-04 14:30:00,1.4569229,0.034195274,0.030235257
2025-02-04 15:30:00,1.4442122,0.033468258,0.029512143
2025-02-04 16:30:00,1.4434061,0.031640038,0.027669264
2025-02-04 17:30:00,1.4415416,0.030761769,0.026757006
2025-02-04 18:30:00,1.4541368,0.03057975,0.02645396
2025-02-04 19:30:00,1.4129506,0.032197192,0.027771894
2025-02-04 20:30:00,1.3933256,0.03210488,0.02762632
2025-02-04 21:30:00,1.2178962,0.034913123,0.030517938
2025-02-04 22:30:00,1.2869686,0.033779364,0.029239433
2025-02-04 23:30:00,1.3301897,0.033409387,0.028660871
2025-02-05 00:30:00,1.3313843,0.034137048,0.029184988
2025-02-05 01:30:00,1.2790979,0.036664456,0.031551637
2025-02-05 02:30:00,1.2278811,0.03845508,0.033554006
2025-02-05 03:30:00,1.2142702,0.045986917,0.041462526
2025-02-05 04:30:00,1.2342266,0.04869461,0.04401146
2025-02-05 05:30:00,1.2423736,0.04594233,0.04083155
2025-02-05 06:30:00,1.2430874,0.052894402,0.047672987
2025-02-05 07:30:00,1.2536888,0.051967833,0.046909727
2025-02-05 08:30:00,1.2315737,0.046652667,0.041780956
2025-02-05 09:30:00,1.1858577,0.049390614,0.044735964
2025-02-05 10:30:00,1.1481096,0.04816539,0.04378831
2025-02-05 11:30:00,1.1280205,0.041640673,0.037536364
2025-02-05 12:30:00,1.1427841,0.043791804,0.039842855
2025-02-05 13:30:00,1.1630299,0.042531658,0.038663074
2025-02-05 14:30:00,1.1728054,0.037787817,0.03399656
2025-02-05 15:30:00,1.2089202,0.036715597,0.033021525
2025-02-05 16:30:00,1.2495311,0.03554579,0.03186089
2025-02-05 17:30:00,1.290714,0.03333328,0.029585788
2025-02-05 18:30:00,1.3463643,0.03195844,0.028248567
2025-02-05 19:30:00,1.3278576,0.03344372,0.029612081
2025-02-05 20:30:00,1.304355,0.036338504,0.031927526
2025-02-05 21:30:00,0.9821247,0.04880373,0.04410094
2025-02-05 22:30:00,1.0211427,0.04646661,0.041818663
2025-02-05 23:30:00,1.0527098,0.042027373,0.03761575
2025-02-06 00:30:00,1.0910865,0.04063814,0.036375295
2025-02-06 01:30:00,1.1304868,0.039038315,0.03486789
2025-02-06 02:30:00,1.1649574,0.03597724,0.031845048
2025-02-06 03:30:00,1.1818242,0.0384154,0.03428779
2025-02-06 04:30:00,1.1998689,0.038807217,0.034646727
2025-02-06 05:30:00,1.2228409,0.03571901,0.031481344
2025-02-06 06:30:00,1.2421138,0.04346963,0.03912741
2025-02-06 07:30:00,1.2800263,0.041155558,0.03669888
2025-02-06 08:30:00,1.3263206,0.03489943,0.030414168
2025-02-06 09:30:00,1.2943778,0.04701428,0.042543024
2025-02-06 10:30:00,1.3349676,0.041498713,0.03710872
2025-02-06 11:30:00,1.3701248,0.033801742,0.029498216
2025-02-06 12:30:00,1.3434896,0.039588578,0.035354167
2025-02-06 13:30:00,1.3420084,0.038901456,0.034666646
2025-02-06 14:30:00,1.3398788,0.03400761,0.02982907
2025-02-06 15:30:00,1.3075051,0.039014794,0.034916326
2025-02-06 16:30:00,1.3397697,0.03541208,0.031483848
2025-02-06 17:30:00,1.3840619,0.029090099,0.025364708
2025-02-06 18:30:00,1.4406202,0.03235715,0.028682848
2025-02-06 19:30:00,1.4098349,0.037087087,0.033573564
2025-02-06 20:30:00,1.3386974,0.03897824,0.035600614
2025-02-06 21:30:00,1.3602017,0.042740427,0.03930763
2025-02-06 22:30:00,1.3807002,0.039581954,0.036275614
2025-02-06 23:30:00,1.3695366,0.032507997,0.029464556
2025-02-07 00:30:00,1.0671496,0.039748143,0.036997724
2025-02-07 01:30:00,1.001446,0.04107525,0.038598254
2025-02-07 02:30:00,0.9662454,0.03643372,0.03413769
2025-02-07 03:30:00,0.99830306,0.048631933,0.04636412
2025-02-07 04:30:00,1.0095271,0.04919005,0.046851728
2025-02-07 05:30:00,1.00237,0.040490713,0.038192093
2025-02-07 06:30:00,1.04769,0.048536856,0.046302482
2025-02-07 07:30:00,1.0493147,0.045040064,0.042824153
2025-02-07 08:30:00,1.0473176,0.036872648,0.034616772
2025-02-07 09:30:00,1.0794913,0.045937374,0.04360377
2025-02-07 10:30:00,1.0522735,0.0413483,0.03900539
2025-02-07 11:30:00,1.0111693,0.034203585,0.031860113
2025-02-07 12:30:00,1.0098121,0.044980843,0.04255945
2025-02-07 13:30:00,0.99439794,0.041215293,0.038702562
2025-02-07 14:30:00,1.0503142,0.033493638,0.030886758
2025-02-07 15:30:00,1.1564791,0.041614927,0.03883847
2025-02-07 16:30:00,1.2329558,0.03772048,0.034781266
2025-02-07 17:30:00,1.2423338,0.0348451,0.031759538
2025-02-07 18:30:00,1.0510631,0.052067835,0.048817545
2025-02-07 19:30:00,1.0275495,0.057361964,0.05400625
2025-02-07 20:30:00,0.95869774,0.058564276,0.05515772
2025-02-07 21:30:00,0.6876582,0.09076615,0.086870514
2025-02-07 22:30:00,0.7608826,0.08580184,0.08175894
2025-02-07 23:30:00,0.7947114,0.08030544,0.07623481
2025-02-08 00:30:00,0.8107594,0.07774567,0.07385937
2025-02-08 01:30:00,0.803759,0.07570925,0.072006
2025-02-08 02:30:00,0.84605294,0.06457384,0.06102579
2025-02-08 03:30:00,0.9605249,0.07038623,0.06681984
2025-02-08 04:30:00,1.0653801,0.07172688,0.06805194
2025-02-08 05:30:00,1.0885578,0.06896694,0.06516282
2025-02-08 06:30:00,1.1345967,0.076545104,0.07267748
2025-02-08 07:30:00,1.1864191,0.07053426,0.06679388
2025-02-08 08:30:00,1.2104819,0.061577525,0.0579914
2025-02-08 09:30:00,1.232027,0.060993917,0.057436742
2025-02-08 10:30:00,1.2554404,0.060470656,0.056875937
2025-02-08 11:30:00,1.2821778,0.057276085,0.053654656
2025-02-08 12:30:00,1.2983117,0.05877962,0.055082243
2025-02-08 13:30:00,1.3070974,0.060675208,0.05695709
2025-02-08 14:30:00,1.3353007,0.054526076,0.050846305
2025-02-08 15:30:00,1.398063,0.046287205,0.04268927
2025-02-08 16:30:00,1.4646925,0.037654858,0.034162678
2025-02-08 17:30:00,1.4806646,0.03349256,0.030129323
2025-02-08 18:30:00,1.4587567,0.032212634,0.028904721
2025-02-08 19:30:00,1.459591,0.029581062,0.026457714
2025-02-08 20:30:00,1.4466449,0.027911056,0.024903562
2025-02-08 21:30:00,1.126954,0.036009602,0.032857597
2025-02-08 22:30:00,1.1602429,0.0370708,0.033678357
2025-02-08 23:30:00,1.2107522,0.038788877,0.035135724
2025-02-09 00:30:00,1.2560601,0.04314339,0.0391732
2025-02-09 01:30:00,1.2658288,0.050087392,0.04579503
2025-02-09 02:30:00,1.2492751,0.057034284,0.05271025
2025-02-09 03:30:00,1.2776967,0.053498875,0.04936572
2025-02-09 04:30:00,1.3284795,0.046610568,0.042618435
2025-02-09 05:30:00,1.3420554,0.041955907,0.038151085
2025-02-09 06:30:00,1.3359352,0.039811544,0.03616564
2025-02-09 07:30:00,1.327645,0.038907327,0.035333574
2025-02-09 08:30:00,1.3178573,0.037986264,0.034536302
2025-02-09 09:30:00,1.2855313,0.038592186,0.03522967
2025-02-09 10:30:00,1.2715151,0.037442338,0.03412764
2025-02-09 11:30:00,1.2610036,0.036547836,0.033264603
2025-02-09 12:30:00,1.2622044,0.034465764,0.031188296
2025-02-09 13:30:00,1.2656643,0.03296788,0.029670343
2025-02-09 14:30:00,1.2730703,0.031764608,0.02836088
2025-02-09 15:30:00,1.2796686,0.03129172,0.027704928
2025-02-09 16:30:00,1.2828068,0.034686197,0.030908242
2025-02-09 17:30:00,1.2798741,0.041534737,0.037687402
2025-02-09 18:30:00,1.3122386,0.041103087,0.037193064
2025-02-09 19:30:00,1.321783,0.04180922,0.037909187
2025-02-09 20:30:00,1.3591957,0.038951337,0.035057183
2025-02-09 21:30:00,1.3422042,0.041198302,0.03716812
2025-02-09 22:30:00,1.3393812,0.04442105,0.0402278
2025-02-09 23:30:00,1.3259668,0.047451872,0.043113053
2025-02-10 00:30:00,1.3302748,0.047640566,0.043106116
2025-02-10 01:30:00,1.3384856,0.04800683,0.04336266
2025-02-10 02:30:00,1.3593165,0.049888022,0.04510443
2025-02-10 03:30:00,1.3991437,0.049930606,0.045010794
2025-02-10 04:30:00,1.4386493,0.050564915,0.045599557
2025-02-10 05:30:00,1.473608,0.052612487,0.04759662
2025-02-10 06:30:00,1.5045669,0.052810863,0.04775467
2025-02-10 07:30:00,1.4908564,0.054426026,0.049420603
2025-02-10 08:30:00,1.4455886,0.0567291,0.05194312
2025-02-10 09:30:00,1.3997602,0.060950078,0.05644564
2025-02-10 10:30:00,1.3624213,0.062727004,0.05831203
2025-02-10 11:30:00,1.3222378,0.06419215,0.05969223
2025-02-10 12:30:00,1.2614665,0.07928946,0.07464741
2025-02-10 13:30:00,1.2098905,0.0883046,0.08356209
2025-02-10 14:30:00,1.191877,0.07953975,0.07485649
2025-02-10 15:30:00,1.2130995,0.07058755,0.065973125
2025-02-10 16:30:00,1.2334049,0.05936514,0.054813895
2025-02-10 17:30:00,1.2197635,0.049542937,0.045099836
2025-02-10 18:30:00,1.3254228,0.03920968,0.03481087
2025-02-10 19:30:00,1.2528611,0.037738167,0.03345138
2025-02-10 20:30:00,1.1780505,0.038685277,0.034410525
2025-02-10 21:30:00,0.96453154,0.04631406,0.0420127
2025-02-10 22:30:00,0.9742725,0.045364387,0.04102695
2025-02-10 23:30:00,0.99827754,0.04443874,0.040066402
2025-02-11 00:30:00,1.0348992,0.04531464,0.040879168
2025-02-11 01:30:00,1.0689356,0.05287468,0.04825417
2025-02-11 02:30:00,1.077012,0.07104868,0.06621231
2025-02-11 03:30:00,1.1212037,0.08566425,0.08080825
2025-02-11 04:30:00,1.1424404,0.08498267,0.08017237
2025-02-11 05:30:00,1.1255957,0.090277426,0.08525197
2025-02-11 06:30:00,1.1379062,0.117372915,0.111671545
2025-02-11 07:30:00,1.1576948,0.14298606,0.13656719
2025-02-11 08:30:00,1.1626316,0.14625818,0.1394074
2025-02-11 09:30:00,1.1634122,0.1614282,0.15446706
2025-02-11 10:30:00,1.1587543,0.16511163,0.15816963
2025-02-11 11:30:00,1.1570427,0.1500588,0.1431434
2025-02-11 12:30:00,1.1428069,0.15430519,0.14789206
2025-02-11 13:30:00,1.1104089,0.14574248,0.13976806
2025-02-11 14:30:00,1.0824317,0.11668012,0.11101879
2025-02-11 15:30:00,1.0801749,0.14250726,0.13691159
2025-02-11 16:30:00,1.0920134,0.14712779,0.14153382
2025-02-11 17:30:00,1.1184845,0.10581887,0.100404315
2025-02-11 18:30:00,1.2658036,0.07183281,0.066577666
2025-02-11 19:30:00,1.2857817,0.062010776,0.056714375
2025-02-11 20:30:00,1.3023068,0.06016142,0.054848373
2025-02-11 21:30:00,1.115695,0.06761535,0.06237766
2025-02-11 22:30:00,1.1825492,0.06501156,0.05983968
2025-02-11 23:30:00,1.2305365,0.064868405,0.05983548
2025-02-12 00:30:00,1.2015045,0.06832273,0.063416645
2025-02-12 01:30:00,1.1118114,0.08068941,0.07587351
2025-02-12 02:30:00,1.0688354,0.07428484,0.07006576
2025-02-12 03:30:00,1.0777194,0.08421514,0.08052869
2025-02-12 04:30:00,1.0616338,0.09710969,0.093375474
2025-02-12 05:30:00,1.0419408,0.09495833,0.0907769
2025-02-12 06:30:00,1.0541831,0.12569669,0.12107999
2025-02-12 07:30:00,1.0674332,0.13850446,0.13374761
2025-02-12 08:30:00,1.0695528,0.11736366,0.112698846
2025-02-12 09:30:00,1.0940964,0.107007265,0.10262907
2025-02-12 10:30:00,1.1004813,0.10044597,0.09612985
2025-02-12 11:30:00,1.0670767,0.085670784,0.08148755
2025-02-12 12:30:00,1.0301645,0.09442785,0.09043239
2025-02-12 13:30:00,1.0463543,0.078305185,0.074510925
2025-02-12 14:30:00,1.0952517,0.054945096,0.051403046
2025-02-12 15:30:00,1.0531594,0.06973183,0.066230014
2025-02-12 16:30:00,1.0527834,0.07855976,0.07512701
2025-02-12 17:30:00,1.0434519,0.06820335,0.06489044
2025-02-12 18:30:00,1.0786004,0.07418173,0.070993684
2025-02-12 19:30:00,1.1120583,0.071773075,0.06851808
2025-02-12 20:30:00,1.1335009,0.06736177,0.06394087
2025-02-12 21:30:00,1.107066,0.08261959,0.07891028
2025-02-12 22:30:00,1.1491538,0.09230276,0.08850244
2025-02-12 23:30:00,1.1469092,0.091438174,0.087686606
2025-02-13 00:30:00,1.1603094,0.098966256,0.095145985
2025-02-13 01:30:00,1.1709728,0.09522714,0.0913387
2025-02-13 02:30:00,1.1966302,0.0832411,0.07937656
2025-02-13 03:30:00,1.2155294,0.09128387,0.08751595
2025-02-13 04:30:00,1.2258046,0.09454483,0.09075558
2025-02-13 05:30:00,1.2347968,0.093247764,0.08945635
2025-02-13 06:30:00,1.2546008,0.09693593,0.093091
2025-02-13 07:30:00,1.319253,0.08257036,0.07844955
2025-02-13 08:30:00,1.3687347,0.065136544,0.060760412
2025-02-13 09:30:00,1.3119204,0.067779675,0.06364614
2025-02-13 10:30:00,1.2669988,0.0725167,0.06853856
2025-02-13 11:30:00,1.2230825,0.07653049,0.07272079
2025-02-13 12:30:00,1.2074566,0.09515552,0.09137011
2025-02-13 13:30:00,1.2182425,0.09729097,0.09344
2025-02-13 14:30:00,1.2098403,0.08947795,0.085870035
2025-02-13 15:30:00,1.1942618,0.090389565,0.08711207
2025-02-13 16:30:00,1.200557,0.096125655,0.09256694
2025-02-13 17:30:00,1.2095351,0.0907643,0.08710602
2025-02-13 18:30:00,1.2155558,0.08886441,0.08525404
2025-02-13 19:30:00,1.2058306,0.083885245,0.0803834
2025-02-13 20:30:00,1.1936233,0.08144975,0.07798812
2025-02-13 21:30:00,1.1580129,0.10282108,0.09920902
2025-02-13 22:30:00,1.1199769,0.12055361,0.11651604
2025-02-13 23:30:00,1.0976411,0.09214145,0.08840675
2025-02-14 00:30:00,1.0721809,0.07924297,0.07613078
2025-02-14 01:30:00,1.0308862,0.060267787,0.05750127
2025-02-14 02:30:00,0.9771165,0.049985528,0.047658574
2025-02-14 03:30:00,0.949905,0.047110092,0.045138307
2025-02-14 04:30:00,0.95453405,0.039756056,0.037750542
2025-02-14 05:30:00,0.95471823,0.033610493,0.03132626
2025-02-14 06:30:00,1.037138,0.04619659,0.04364423
2025-02-14 07:30:00,1.0547256,0.04266967,0.03992215
2025-02-14 08:30:00,1.0543871,0.043780964,0.04089594
2025-02-14 09:30:00,1.0571967,0.04840465,0.04547993
2025-02-14 10:30:00,1.049836,0.03785283,0.03490672
2025-02-14 11:30:00,1.045774,0.035836656,0.032857005
2025-02-14 12:30:00,1.0666119,0.046971917,0.043960087
2025-02-14 13:30:00,1.0525088,0.047585677,0.044648997
2025-02-14 14:30:00,1.0137376,0.045637466,0.042700138
2025-02-14 15:30:00,0.99408746,0.05151044,0.04856336
2025-02-14 16:30:00,0.9601985,0.050215077,0.04720325
2025-02-14 17:30:00,0.85434085,0.04708833,0.044033006
2025-02-14 18:30:00,0.89544976,0.046385426,0.04327023
2025-02-14 19:30:00,0.8686023,0.047203448,0.044034474
2025-02-14 20:30:00,0.77541244,0.04620953,0.043089837
2025-02-14 21:30:00,0.49809152,0.082324766,0.07938537
2025-02-14 22:30:00,0.55840725,0.07009612,0.067144334
2025-02-14 23:30:00,0.5656978,0.065354116,0.06245081
2025-02-15 00:30:00,0.592942,0.07998172,0.07689791
2025-02-15 01:30:00,0.6366718,0.08829278,0.08502692
2025-02-15 02:30:00,0.7157951,0.08008236,0.076626964
2025-02-15 03:30:00,0.8022823,0.096329674,0.09260669
2025-02-15 04:30:00,0.7979898,0.08846555,0.08457127
2025-02-15 05:30:00,0.7766988,0.072186396,0.068237066
2025-02-15 06:30:00,0.8899517,0.08218887,0.078248054
2025-02-15 07:30:00,0.96711856,0.07764075,0.073750444
2025-02-15 08:30:00,1.044791,0.05815716,0.054473624
2025-02-15 09:30:00,1.1469594,0.05840082,0.054848224
2025-02-15 10:30:00,1.2125039,0.057829045,0.05438214
2025-02-15 11:30:00,1.2446651,0.05211326,0.04884884
2025-02-15 12:30:00,1.2899059,0.04416296,0.041113686
2025-02-15 13:30:00,1.3314837,0.037344042,0.034496255
2025-02-15 14:30:00,1.360036,0.032013558,0.029322099
2025-02-15 15:30:00,1.3660272,0.029024873,0.026435718
2025-02-15 16:30:00,1.3632275,0.026437957,0.023876397
2025-02-15 17:30:00,1.3615047,0.02372754,0.021174781
2025-02-15 18:30:00,1.0563221,0.0330323,0.030146377
2025-02-15 19:30:00,1.0695126,0.03697594,0.033954985
2025-02-15 20:30:00,1.081885,0.03981875,0.036677316
2025-02-15 21:30:00,0.89953387,0.053690765,0.050187565
2025-02-15 22:30:00,0.91483533,0.05365264,0.050146822
2025-02-15 23:30:00,0.94350845,0.05384774,0.050288364
2025-02-16 00:30:00,0.9753189,0.05456603,0.05079247
2025-02-16 01:30:00,1.0062138,0.05460304,0.05056621
2025-02-16 02:30:00,1.0496186,0.060601216,0.056351095
2025-02-16 03:30:00,1.0880353,0.0664957,0.062201634
2025-02-16 04:30:00,1.1173866,0.06398958,0.05983842
2025-02-16 05:30:00,1.1395646,0.05653852,0.052617416
2025-02-16 06:30:00,1.1455157,0.05490457,0.05107763
2025-02-16 07:30:00,1.1464208,0.05588927,0.052067313
2025-02-16 08:30:00,1.1528721,0.054392792,0.05051866
2025-02-16 09:30:00,1.1548433,0.052946042,0.0490449
2025-02-16 10:30:00,1.148894,0.050041698,0.04618714
2025-02-16 11:30:00,1.1534407,0.048303626,0.044432096
2025-02-16 12:30:00,1.1586065,0.05018949,0.046189018
2025-02-16 13:30:00,1.1631206,0.052367672,0.04827212
2025-02-16 14:30:00,1.1685426,0.05764632,0.053404726
2025-02-16 15:30:00,1.1645725,0.06302809,0.05872128
2025-02-16 16:30:00,1.1627957,0.0658075,0.061409988
2025-02-16 17:30:00,1.1567587,0.06900397,0.064514935
2025-02-16 18:30:00,1.1597713,0.06667664,0.06229798
2025-02-16 19:30:00,1.1600661,0.060149357,0.05589652
2025-02-16 20:30:00,1.1596359,0.05295806,0.04879985
2025-02-16 21:30:00,1.1658201,0.05216564,0.047969583
2025-02-16 22:30:00,1.185946,0.056052826,0.051651403
2025-02-16 23:30:00,1.2078638,0.06634165,0.061477378
2025-02-17 00:30:00,1.2236347,0.07259334,0.06727572
2025-02-17 01:30:00,1.2397348,0.075148895,0.06937469
2025-02-17 02:30:00,1.258627,0.07456237,0.068479985
2025-02-17 03:30:00,1.279841,0.074359804,0.06814342
2025-02-17 04:30:00,1.3130541,0.074971706,0.068644375
2025-02-17 05:30:00,1.3334816,0.079599716,0.073127694
2025-02-17 06:30:00,1.3584636,0.07823851,0.07162424
2025-02-17 07:30:00,1.3884526,0.075127214,0.06839341
2025-02-17 08:30:00,1.3891625,0.07605874,0.06925829
2025-02-17 09:30:00,1.3929106,0.0733037,0.06647517
2025-02-17 10:30:00,1.3705516,0.07528646,0.06848024
2025-02-17 11:30:00,1.3521554,0.07560846,0.068809845
2025-02-17 12:30:00,1.3487369,0.06977548,0.06319223
2025-02-17 13:30:00,1.3486685,0.06210787,0.055877913
2025-02-17 14:30:00,1.3284967,0.060599025,0.054684553
2025-02-17 15:30:00,1.3209431,0.060379934,0.05468495
2025-02-17 16:30:00,1.3323989,0.05921214,0.053627275
2025-02-17 17:30:00,1.3570185,0.057178576,0.05150277
2025-02-17 18:30:00,1.4311293,0.044342652,0.039638203
2025-02-17 19:30:00,1.3894031,0.044486172,0.039671276
2025-02-17 20:30:00,1.3787873,0.047166504,0.04216312
2025-02-17 21:30:00,1.2692082,0.057340838,0.05200193
2025-02-17 22:30:00,1.2915884,0.062220562,0.05674345
2025-02-17 23:30:00,1.3167442,0.056560226,0.05094146
2025-02-18 00:30:00,1.3142865,0.061605427,0.055809475
2025-02-18 01:30:00,1.2785869,0.072801895,0.06678446
2025-02-18 02:30:00,1.2488104,0.07451989,0.06854457
2025-02-18 03:30:00,1.2366633,0.067755885,0.062029622
2025-02-18 04:30:00,1.2136127,0.06977948,0.06406839
2025-02-18 05:30:00,1.1974437,0.08196258,0.07630997
2025-02-18 06:30:00,1.2173915,0.09432722,0.08874931
2025-02-18 07:30:00,1.2348202,0.09087914,0.08552638
2025-02-18 08:30:00,1.218045,0.08064647,0.075587794
2025-02-18 09:30:00,1.2083678,0.08415057,0.07940579
2025-02-18 10:30:00,1.2118962,0.085289665,0.08071869
2025-02-18 11:30:00,1.1762645,0.087817915,0.08321206
2025-02-18 12:30:00,1.1875856,0.09565542,0.09103097
2025-02-18 13:30:00,1.1840923,0.10688233,0.10218247
2025-02-18 14:30:00,1.1828625,0.108208925,0.10319355
2025-02-18 15:30:00,1.2369539,0.10029075,0.0950676
2025-02-18 16:30:00,1.2988412,0.071335465,0.066210456
2025-02-18 17:30:00,1.2876742,0.054715164,0.04979973
2025-02-18 18:30:00,1.2347225,0.049320497,0.044408467
2025-02-18 19:30:00,1.180368,0.047240578,0.042306636
2025-02-18 20:30:00,1.1331557,0.047395624,0.04238308
2025-02-18 21:30:00,1.0155731,0.057957474,0.052650765
2025-02-18 22:30:00,1.0124682,0.059613515,0.05429451
2025-02-18 23:30:00,1.0168195,0.060947057,0.055551324
2025-02-19 00:30:00,1.033784,0.066028014,0.060433764
2025-02-19 01:30:00,1.0499895,0.0729677,0.06718039
2025-02-19 02:30:00,1.0518769,0.076068275,0.07014992
2025-02-19 03:30:00,1.0501566,0.06958611,0.06382399
2025-02-19 04:30:00,1.0530094,0.0659955,0.060426638
2025-02-19 05:30:00,1.0517632,0.06442655,0.05902255
2025-02-19 06:30:00,1.048953,0.060140017,0.054952394
2025-02-19 07:30:00,1.0397863,0.056820948,0.051793616
2025-02-19 08:30:00,1.0478295,0.058877535,0.0539067
2025-02-19 09:30:00,1.0544459,0.060650013,0.055766813
2025-02-19 10:30:00,1.0590403,0.061608393,0.056811877
2025-02-19 11:30:00,1.0627548,0.060590766,0.05589263
2025-02-19 12:30:00,1.06829,0.0616234,0.057015814
2025-02-19 13:30:00,1.0729923,0.062266123,0.057729885
2025-02-19 14:30:00,1.0813168,0.06101135,0.056433287
2025-02-19 15:30:00,1.0943176,0.060099706,0.05533341
2025-02-19 16:30:00,1.1027403,0.05818419,0.05335879
2025-02-19 17:30:00,1.0982811,0.05523634,0.050568335
2025-02-19 18:30:00,1.1005956,0.054194782,0.04966684
2025-02-19 19:30:00,1.1129428,0.056587268,0.052047584
2025-02-19 20:30:00,1.1266263,0.057605553,0.052963343
2025-02-19 21:30:00,1.1446489,0.045731604,0.04205939
2025-02-19 22:30:00,1.1869026,0.046829134,0.042952497
2025-02-19 23:30:00,1.2134587,0.044603046,0.040763527
2025-02-20 00:30:00,1.2328569,0.042644672,0.03884162
2025-02-20 01:30:00,1.2354702,0.04331993,0.039539237
2025-02-20 02:30:00,1.2363089,0.043427967,0.039621785
2025-02-20 03:30:00,1.2396885,0.042976316,0.039061196
2025-02-20 04:30:00,1.2451769,0.042171918,0.038242225
2025-02-20 05:30:00,1.2454238,0.041977014,0.03805782
2025-02-20 06:30:00,1.2402687,0.042459745,0.03846137
2025-02-20 07:30:00,1.2363932,0.042983215,0.03883661
2025-02-20 08:30:00,1.2408656,0.041964706,0.037786495
2025-02-20 09:30:00,1.2397047,0.042406496,0.038234264
2025-02-20 10:30:00,1.229509,0.048605207,0.04426856
2025-02-20 11:30:00,1.2210591,0.05491754,0.050406605
2025-02-20 12:30:00,1.2341723,0.055210706,0.05059287
2025-02-20 13:30:00,1.2303445,0.060202625,0.055437777
2025-02-20 14:30:00,1.2110461,0.061988704,0.057179693
2025-02-20 15:30:00,1.2067565,0.056476533,0.051778458
2025-02-20 16:30:00,1.2046758,0.051130228,0.046579923
2025-02-20 17:30:00,1.196513,0.04924368,0.044813782
2025-02-20 18:30:00,1.1759379,0.048197445,0.044050537
2025-02-20 19:30:00,1.1569967,0.048869256,0.044641927
2025-02-20 20:30:00,1.1403763,0.048818536,0.044397768
2025-02-20 21:30:00,1.065631,0.047246397,0.04261361
2025-02-20 22:30:00,1.0533627,0.043006677,0.038292374
2025-02-20 23:30:00,1.0619127,0.042597644,0.03774492
2025-02-21 00:30:00,1.0733154,0.042942543,0.037814293
2025-02-21 01:30:00,1.0706522,0.044585045,0.03915341
2025-02-21 02:30:00,1.0420403,0.04703732,0.04130517
2025-02-21 03:30:00,0.98171765,0.049286157,0.043376043
2025-02-21 04:30:00,0.9134221,0.050901674,0.044950653
2025-02-21 05:30:00,0.8686186,0.051651243,0.045750108
2025-02-21 06:30:00,0.8595391,0.051476173,0.045692492
2025-02-21 07:30:00,0.87667346,0.05091563,0.04522641
2025-02-21 08:30:00,0.9032275,0.050297715,0.044681747
2025-02-21 09:30:00,0.9320456,0.049827736,0.044288628
2025-02-21 10:30:00,0.961597,0.04944993,0.04398635
2025-02-21 11:30:00,0.99026406,0.048873574,0.04349834
2025-02-21 12:30:00,1.0032027,0.048639346,0.043274526
2025-02-21 13:30:00,1.0218785,0.049747217,0.044314086
2025-02-21 14:30:00,1.0819746,0.050034802,0.044684894
2025-02-21 15:30:00,1.1119887,0.048362184,0.043169238
2025-02-21 16:30:00,1.0831424,0.04485808,0.039895896
2025-02-21 17:30:00,1.0603087,0.040364575,0.035847776
2025-02-21 18:30:00,0.971898,0.03408198,0.030229453
2025-02-21 19:30:00,0.96590805,0.033612955,0.029875873
2025-02-21 20:30:00,1.0031576,0.03632446,0.032480657
2025-02-21 21:30:00,1.0480058,0.038524706,0.034608893
2025-02-21 22:30:00,1.0699707,0.03676256,0.03277649
2025-02-21 23:30:00,1.0945464,0.037332408,0.033145428
2025-02-22 00:30:00,1.0638639,0.042486638,0.03789954
2025-02-22 01:30:00,1.0443319,0.045649838,0.040647425
2025-02-22 02:30:00,1.029781,0.048289858,0.042964365
2025-02-22 03:30:00,1.02948,0.04875293,0.04339505
2025-02-22 04:30:00,1.0238192,0.047414377,0.042191118
2025-02-22 05:30:00,1.0105714,0.045971006,0.04094164
2025-02-22 06:30:00,0.9924404,0.04428486,0.039423726
2025-02-22 07:30:00,0.97409344,0.042784948,0.03804637
2025-02-22 08:30:00,0.96678483,0.04149306,0.03681485
2025-02-22 09:30:00,0.9656576,0.04114696,0.03639267
2025-02-22 10:30:00,0.97511613,0.041683912,0.036784574
2025-02-22 11:30:00,0.9901956,0.042286478,0.03726649
2025-02-22 12:30:00,1.003477,0.04231084,0.037281744
2025-02-22 13:30:00,1.0035204,0.041631393,0.036621533
2025-02-22 14:30:00,0.9884637,0.0406451,0.035649616
2025-02-22 15:30:00,0.98985654,0.04020319,0.035219885
2025-02-22 16:30:00,1.0156885,0.040717617,0.035708044
2025-02-22 17:30:00,1.0455736,0.042295747,0.037068605
2025-02-22 18:30:00,1.0541674,0.0371461,0.032569356
2025-02-22 19:30:00,1.106775,0.041784517,0.036889255
2025-02-22 20:30:00,1.1504449,0.046378717,0.041212466
2025-02-22 21:30:00,1.1653199,0.052310124,0.04671065
2025-02-22 22:30:00,1.1683547,0.051373508,0.04550773
2025-02-22 23:30:00,1.184515,0.050276466,0.044455748
2025-02-23 00:30:00,1.2157551,0.05223219,0.04618864
2025-02-23 01:30:00,1.2360717,0.055283114,0.04886917
2025-02-23 02:30:00,1.2521781,0.058017574,0.051234104
2025-02-23 03:30:00,1.2689538,0.059668172,0.052643504
2025-02-23 04:30:00,1.2784688,0.05926259,0.052252732
2025-02-23 05:30:00,1.2787377,0.058593098,0.05174189
2025-02-23 06:30:00,1.2670211,0.059920337,0.05318524
2025-02-23 07:30:00,1.2564659,0.059579518,0.052950438
2025-02-23 08:30:00,1.2470033,0.05748761,0.05093503
2025-02-23 09:30:00,1.2384844,0.053272985,0.046770636
2025-02-23 10:30:00,1.2198023,0.05126273,0.04477645
2025-02-23 11:30:00,1.2051357,0.05024342,0.043757286
2025-02-23 12:30:00,1.1941441,0.049572732,0.043131456
2025-02-23 13:30:00,1.1861881,0.049436297,0.043054298
2025-02-23 14:30:00,1.178542,0.049638495,0.043353893
2025-02-23 15:30:00,1.1780349,0.04768938,0.041524053
2025-02-23 16:30:00,1.1817763,0.04702056,0.04092871
2025-02-23 17:30:00,1.1918517,0.04701463,0.040981364
2025-02-23 18:30:00,1.0806819,0.038380705,0.033586584
2025-02-23 19:30:00,1.1056587,0.03805963,0.033359323
2025-02-23 20:30:00,1.1270707,0.038113423,0.033483446
2025-02-23 21:30:00,1.1548653,0.037877414,0.033383545
2025-02-23 22:30:00,1.1704458,0.0391837,0.034658056
2025-02-23 23:30:00,1.1895189,0.040908474,0.03633719
2025-02-24 00:30:00,1.2123463,0.0427455,0.038118295
2025-02-24 01:30:00,1.231983,0.043838255,0.039210077
2025-02-24 02:30:00,1.2529587,0.044624016,0.04002703
2025-02-24 03:30:00,1.2833997,0.046153862,0.04152597
2025-02-24 04:30:00,1.3112867,0.047784977,0.043094877
2025-02-24 05:30:00,1.3255271,0.048677623,0.043877997
2025-02-24 06:30:00,1.329039,0.049181856,0.044212464
2025-02-24 07:30:00,1.3311776,0.049630985,0.0444758
2025-02-24 08:30:00,1.3375287,0.05007638,0.044766627
2025-02-24 09:30:00,1.3467069,0.05088066,0.04538191
2025-02-24 10:30:00,1.356435,0.05192917,0.0462128
2025-02-24 11:30:00,1.3605773,0.05218956,0.046409804
2025-02-24 12:30:00,1.3527153,0.05138767,0.045634422
2025-02-24 13:30:00,1.3361214,0.050308377,0.04464544
2025-02-24 14:30:00,1.3180069,0.049525075,0.043958493
2025-02-24 15:30:00,1.3014878,0.049437925,0.043954767
2025-02-24 16:30:00,1.2864374,0.049836885,0.044455033
2025-02-24 17:30:00,1.2766958,0.050701737,0.045396738
2025-02-24 18:30:00,1.338393,0.040693708,0.036544092
2025-02-24 19:30:00,1.3254235,0.04175963,0.037603036
2025-02-24 20:30:00,1.3275137,0.043847688,0.039662637
2025-02-24 21:30:00,1.3576295,0.046427425,0.042308535
2025-02-24 22:30:00,1.3679535,0.050239947,0.046046678
2025-02-24 23:30:00,1.3731582,0.053934157,0.049645744
2025-02-25 00:30:00,1.3739142,0.05725104,0.052806523
2025-02-25 01:30:00,1.3688315,0.060313005,0.055659287
2025-02-25 02:30:00,1.3581282,0.06206003,0.057171747
2025-02-25 03:30:00,1.3467412,0.06040491,0.055351548
2025-02-25 04:30:00,1.3347172,0.057040248,0.051889993
2025-02-25 05:30:00,1.323774,0.05363868,0.04842312
2025-02-25 06:30:00,1.3197397,0.050050806,0.044874914
2025-02-25 07:30:00,1.3229603,0.046087805,0.041092843
2025-02-25 08:30:00,1.3349558,0.04222771,0.037517406
2025-02-25 09:30:00,1.350386,0.039218694,0.034750532
2025-02-25 10:30:00,1.3566378,0.03783815,0.03345732
2025-02-25 11:30:00,1.3444438,0.03780938,0.033393867
2025-02-25 12:30:00,1.3111367,0.037893813,0.03341508
2025-02-25 13:30:00,1.2749102,0.037028715,0.032647945
2025-02-25 14:30:00,1.2497822,0.035829462,0.031586736
2025-02-25 15:30:00,1.2321563,0.036235318,0.031936146
2025-02-25 16:30:00,1.2171216,0.038574044,0.034028366
2025-02-25 17:30:00,1.2007023,0.041788913,0.036841217
2025-02-25 18:30:00,1.2657843,0.042797558,0.037649516
2025-02-25 19:30:00,1.1966497,0.0456461,0.040370144
2025-02-25 20:30:00,1.1647657,0.04651083,0.041217506
2025-02-25 21:30:00,0.89832276,0.057754077,0.05236823
2025-02-25 22:30:00,0.9266626,0.056703616,0.05134976
2025-02-25 23:30:00,0.9631712,0.056778237,0.051362522
2025-02-26 00:30:00,1.0052364,0.05983744,0.0541311
2025-02-26 01:30:00,1.0461364,0.06606496,0.0599267
2025-02-26 02:30:00,1.0688933,0.07577399,0.06909646
2025-02-26 03:30:00,1.0555347,0.082829565,0.075509936
2025-02-26 04:30:00,1.010774,0.07893651,0.071337834
2025-02-26 05:30:00,0.9707758,0.07499099,0.06744723
2025-02-26 06:30:00,0.94350165,0.072014414,0.06456487
2025-02-26 07:30:00,0.914202,0.07014383,0.062604785
2025-02-26 08:30:00,0.8950181,0.07009615,0.06238203
2025-02-26 09:30:00,0.8907164,0.069812685,0.062024884
2025-02-26 10:30:00,0.89366144,0.06758321,0.059992485
2025-02-26 11:30:00,0.89752984,0.06370654,0.05646546
2025-02-26 12:30:00,0.90229464,0.05988594,0.05292407
2025-02-26 13:30:00,0.90014076,0.05612368,0.049417857
2025-02-26 14:30:00,0.8879258,0.051959213,0.045585196
2025-02-26 15:30:00,0.873183,0.04834441,0.042278193
2025-02-26 16:30:00,0.86917543,0.046317246,0.04033883
2025-02-26 17:30:00,0.8648827,0.045678668,0.03966493
2025-02-26 18:30:00,0.7884829,0.04526754,0.039143145
2025-02-26 19:30:00,0.75339246,0.045773607,0.039652042
2025-02-26 20:30:00,0.74128664,0.045258377,0.039259102
2025-02-26 21:30:00,0.723003,0.04374948,0.037966624
2025-02-26 22:30:00,0.7213216,0.043673657,0.037966274
2025-02-26 23:30:00,0.72677976,0.04368025,0.03801911
2025-02-27 00:30:00,0.7380993,0.044954024,0.03930435
2025-02-27 01:30:00,0.7420091,0.045404032,0.039648067
2025-02-27 02:30:00,0.7384541,0.045158714,0.03937044
2025-02-27 03:30:00,0.7330103,0.04358847,0.038017936
2025-02-27 04:30:00,0.73945516,0.042424563,0.037000846
2025-02-27 05:30:00,0.7557803,0.04189696,0.036525324
2025-02-27 06:30:00,0.771503,0.041032113,0.035755936
2025-02-27 07:30:00,0.78641325,0.039668456,0.034524918
2025-02-27 08:30:00,0.7989111,0.038240653,0.03324832
2025-02-27 09:30:00,0.8135521,0.03675563,0.031964175
2025-02-27 10:30:00,0.83378047,0.03556132,0.030988108
2025-02-27 11:30:00,0.85440636,0.034627773,0.030250218
2025-02-27 12:30:00,0.8708049,0.03381335,0.029598225
2025-02-27 13:30:00,0.87346995,0.032555737,0.02852599
2025-02-27 14:30:00,0.8783982,0.031765323,0.027875924
2025-02-27 15:30:00,0.9083229,0.03406255,0.030187106
2025-02-27 16:30:00,0.9405646,0.038189087,0.034281082
2025-02-27 17:30:00,0.94858336,0.039806474,0.035914473
2025-02-27 18:30:00,0.9221181,0.044128183,0.03994808
2025-02-27 19:30:00,0.9203048,0.041496865,0.037579603
2025-02-27 20:30:00,0.8992623,0.040434934,0.03661578
2025-02-27 21:30:00,0.8815968,0.043667283,0.03964943
2025-02-27 22:30:00,0.8690741,0.046126314,0.041989997
2025-02-27 23:30:00,0.86732143,0.048799723,0.04455708
2025-02-28 00:30:00,0.87928694,0.051145256,0.04679888
2025-02-28 01:30:00,0.88508797,0.050124675,0.045761112
2025-02-28 02:30:00,0.88441956,0.04701687,0.042668317
2025-02-28 03:30:00,0.8746995,0.04400613,0.03968022
2025-02-28 04:30:00,0.8650996,0.041085057,0.03675751
2025-02-28 05:30:00,0.8504151,0.03849378,0.03416172
2025-02-28 06:30:00,0.8467411,0.038369488,0.034022443
2025-02-28 07:30:00,0.8532535,0.03918558,0.034786545
2025-02-28 08:30:00,0.85958785,0.04016851,0.03565763
2025-02-28 09:30:00,0.8678739,0.04093685,0.036299646
2025-02-28 10:30:00,0.88769436,0.04190764,0.037158806
2025-02-28 11:30:00,0.9179997,0.043563034,0.03865507
2025-02-28 12:30:00,0.96770257,0.04867504,0.04354897
2025-02-28 13:30:00,1.0069113,0.058568407,0.053162247
2025-02-28 14:30:00,1.0264103,0.06537139,0.059760325
2025-02-28 15:30:00,1.0466917,0.07063457,0.06489308
2025-02-28 16:30:00,1.0647584,0.0719976,0.066198274
2025-02-28 17:30:00,1.0791577,0.076406136,0.07048745
2025-02-28 18:30:00,1.0810943,0.06433288,0.05951354
2025-02-28 19:30:00,1.0800421,0.06694873,0.061922543
2025-02-28 20:30:00,1.0669125,0.064109735,0.059002526
2025-02-28 21:30:00,1.0173686,0.069444776,0.06360352
2025-02-28 22:30:00,0.99217844,0.06510083,0.05945553
2025-02-28 23:30:00,0.97407955,0.064176545,0.05869039
